objective,Br_L2,Bt_L2,alpha_deg,lambda_drop,lambda_b_gain,width_scale,edge_width_deg,edge_bt_gain
0.3163365225966328,0.09289136903055085,0.22344515356608197,52.25,0.32,0.14,1.0,11.5,0.07999999999999999
0.31634862510787437,0.09988540416630652,0.21646322094156784,52.25,0.30000000000000004,0.14,1.0,12.0,0.07999999999999999
0.31634882980473067,0.09337970078540678,0.2229691290193239,52.25,0.30000000000000004,0.14,1.0,11.5,0.07999999999999999
0.31674864890614124,0.09933751656193107,0.21741113234421017,52.25,0.32,0.14,1.0,12.0,0.07999999999999999
0.316779243567594,0.08646285339106134,0.2303163901765327,52.5,0.30000000000000004,0.14,1.0,11.5,0.07999999999999999
0.31679819176533075,0.08601463600816715,0.2307835557571636,52.5,0.32,0.14,1.0,11.5,0.07999999999999999
0.3168756309531849,0.09301502009906837,0.22386061085411652,52.5,0.30000000000000004,0.14,1.0,12.0,0.07999999999999999
0.31711765178270324,0.09302904294377073,0.2240886088389325,52.25,0.34,0.14,1.0,11.5,0.07999999999999999
0.31711914472482416,0.09446321635484711,0.22265592836997708,52.25,0.28,0.14,1.0,11.5,0.07999999999999999
0.31718865426584675,0.09992972942531074,0.217258924840536,52.0,0.32,0.14,1.0,11.5,0.07999999999999999
0.31723984171539127,0.09413808503647639,0.22310175667891488,52.5,0.28,0.14,1.0,12.0,0.07999999999999999
0.31728837752840033,0.0924941602254593,0.22479421730294102,52.5,0.32,0.14,1.0,12.0,0.07999999999999999
0.317575652682177,0.08756321952724386,0.23001243315493317,52.5,0.28,0.14,1.0,11.5,0.07999999999999999
0.3176707847260595,0.08625218402080338,0.2314186007052561,52.5,0.34,0.14,1.0,11.5,0.07999999999999999
0.31788891057101853,0.09998426667699473,0.2179046438940238,52.0,0.34,0.14,1.0,11.5,0.07999999999999999
0.3179090622253245,0.0993717177014538,0.2185373445238707,52.25,0.34,0.14,1.0,12.0,0.07999999999999999
0.3181256738204611,0.10044873645198887,0.21677946446449448,52.0,0.30000000000000004,0.14,1.0,11.5,0.07999999999999999
0.3183038699585864,0.09992972942531074,0.21837414053327567,52.0,0.32,0.14,1.0,11.5,0.09999999999999999
0.31833542163092393,0.09582189792316026,0.22251352370776367,52.5,0.26,0.14,1.0,12.0,0.07999999999999999
0.3184744854503522,0.07973596689638872,0.23873851855396344,52.75,0.30000000000000004,0.14,1.0,11.5,0.07999999999999999
0.31851385151824607,0.09260740881834567,0.2259064426999004,52.5,0.34,0.14,1.0,12.0,0.07999999999999999
0.3185319638033236,0.07933972946722853,0.23919223433609504,52.75,0.32,0.14,1.0,11.5,0.07999999999999999
0.31860248825884324,0.09610174142509469,0.22250074683374854,52.25,0.26,0.14,1.0,11.5,0.07999999999999999
0.3186224845154893,0.08629931972347009,0.23232316479201923,52.75,0.30000000000000004,0.14,1.0,12.0,0.07999999999999999
0.3186485780748235,0.10098624158392736,0.21568985332304141,52.25,0.28,0.14,1.0,12.0,0.07999999999999999
0.3190275671255441,0.08744272839830024,0.23158483872724386,52.75,0.28,0.14,1.0,12.0,0.07999999999999999
0.31904999356063957,0.08581417335326377,0.23323582020737577,52.75,0.32,0.14,1.0,12.0,0.07999999999999999
0.3191320777228164,0.09998426667699473,0.21914781104582168,52.0,0.34,0.14,1.0,11.5,0.09999999999999999
0.31913657865399137,0.0892697511125566,0.22986682754143475,52.5,0.26,0.14,1.0,11.5,0.07999999999999999
0.31914256398423,0.10044873645198887,0.2177963546282634,52.0,0.30000000000000004,0.14,1.0,11.5,0.09999999999999999
0.31929746625587946,0.0808496746870044,0.23844779156887505,52.75,0.28,0.14,1.0,11.5,0.07999999999999999
0.31951105292697735,0.07969738561079148,0.2398136673161859,52.75,0.34,0.14,1.0,11.5,0.07999999999999999
0.32012016751636296,0.09337970078540678,0.22674046673095619,52.25,0.30000000000000004,0.14,1.0,11.5,0.09999999999999999
0.3201774906676525,0.09289136903055085,0.22728612163710163,52.25,0.32,0.14,1.0,11.5,0.09999999999999999
0.32021362384540214,0.08919700748832812,0.23101661635707402,52.75,0.26,0.14,1.0,12.0,0.07999999999999999
0.32034893102296863,0.08602214649763684,0.2343267845253318,52.75,0.34,0.14,1.0,12.0,0.07999999999999999
0.3208481211716599,0.09446321635484711,0.22638490481681278,52.25,0.28,0.14,1.0,11.5,0.09999999999999999
0.32094305456233807,0.08262790115466824,0.23831515340766984,52.75,0.26,0.14,1.0,11.5,0.07999999999999999
0.3210010502499252,0.10151310843484583,0.2164617249453877,52.0,0.28,0.14,1.0,11.5,0.07999999999999999
0.3210561383706647,0.09302904294377073,0.22802709542689398,52.25,0.34,0.14,1.0,11.5,0.09999999999999999
0.3213940202899892,0.07324839916333845,0.24814562112665073,53.0,0.30000000000000004,0.14,1.0,11.5,0.07999999999999999
0.32150124829754156,0.07291908217438932,0.24858216612315223,53.0,0.32,0.14,1.0,11.5,0.07999999999999999
0.3215327747337141,0.07977468151722267,0.24175809321649147,53.0,0.30000000000000004,0.14,1.0,12.0,0.07999999999999999
0.32194867679661765,0.10151310843484583,0.21740935149208013,52.0,0.28,0.14,1.0,11.5,0.09999999999999999
0.3219805070442857,0.08093543966552366,0.24104506737876202,53.0,0.28,0.14,1.0,12.0,0.07999999999999999
0.3219806465112073,0.07933612625803094,0.24264452025317632,53.0,0.32,0.14,1.0,12.0,0.07999999999999999
0.3222415043460285,0.07437014422088067,0.24787136012514782,53.0,0.28,0.14,1.0,11.5,0.07999999999999999
0.32231565517651006,0.09610174142509469,0.22621391375141536,52.25,0.26,0.14,1.0,11.5,0.09999999999999999
0.32260692537234237,0.07342115172695293,0.2491857736453894,53.0,0.34,0.14,1.0,11.5,0.07999999999999999
0.3228976079500503,0.10260353813461366,0.21508699354620928,52.25,0.26,0.14,1.0,12.0,0.07999999999999999
0.32322635583648324,0.08646285339106134,0.23676350244542188,52.5,0.30000000000000004,0.14,1.0,11.5,0.09999999999999999
0.3232650371139286,0.08276391016192497,0.24050112695200362,53.0,0.26,0.14,1.0,12.0,0.07999999999999999
0.323286728597034,0.08601463600816715,0.23727209258886683,52.5,0.32,0.14,1.0,11.5,0.09999999999999999
0.3233660961514208,0.07965765722875852,0.24370843892266228,53.0,0.34,0.14,1.0,12.0,0.07999999999999999
0.32397748813213645,0.07622303829002283,0.2477544498421136,53.0,0.26,0.14,1.0,11.5,0.07999999999999999
0.32399693130825863,0.09488345090200302,0.22911348040625562,52.0,0.32,0.14,1.0,11.0,0.09999999999999999
0.32400690233741225,0.08756321952724386,0.23644368281016842,52.5,0.28,0.14,1.0,11.5,0.09999999999999999
0.32422697620510393,0.08625218402080338,0.23797479218430057,52.5,0.34,0.14,1.0,11.5,0.09999999999999999
0.32435108014582503,0.0950219362437573,0.22932914390206777,52.0,0.34,0.14,1.0,11.0,0.09999999999999999
0.324427034729536,0.09535199438028419,0.2290750403492518,52.0,0.30000000000000004,0.14,1.0,11.0,0.09999999999999999
0.3254744093227735,0.08788423942220466,0.23759016990056883,52.25,0.32,0.14,1.0,11.0,0.09999999999999999
0.3255098469725466,0.06706528177248179,0.2584445652000648,53.25,0.30000000000000004,0.14,1.0,11.5,0.07999999999999999
0.3255586221985214,0.0734882157458032,0.25207040645271817,53.25,0.30000000000000004,0.14,1.0,12.0,0.07999999999999999
0.3255635208753659,0.10308751923740696,0.21630096316314498,52.0,0.26,0.14,1.0,11.5,0.07999999999999999
0.32557677909081517,0.0892697511125566,0.2363070279782586,52.5,0.26,0.14,1.0,11.5,0.09999999999999999
0.3256061064179526,0.09639822612359583,0.22920788029435676,52.0,0.28,0.14,1.0,11.0,0.09999999999999999
0.32568269551094126,0.06682163286168719,0.25886106264925407,53.25,0.32,0.14,1.0,11.5,0.07999999999999999
0.32588777255476764,0.0883108904462758,0.23757688210849184,52.25,0.30000000000000004,0.14,1.0,11.0,0.09999999999999999
0.32590331240879317,0.08812255669120383,0.23778075571758933,52.25,0.34,0.14,1.0,11.0,0.09999999999999999
0.3260365158070438,0.07310988887810976,0.25292662692893403,53.25,0.32,0.14,1.0,12.0,0.07999999999999999
0.32604795895794436,0.07466168422678579,0.2513862747311586,53.25,0.28,0.14,1.0,12.0,0.07999999999999999
0.32618583814426205,0.08788423942220466,0.23830159872205736,52.25,0.32,0.14,1.0,11.0,0.07999999999999999
0.3263763881044647,0.06818711102268919,0.25818927708177547,53.25,0.28,0.14,1.0,11.5,0.07999999999999999
0.32647026439454985,0.10308751923740696,0.217207706682329,52.0,0.26,0.14,1.0,11.5,0.09999999999999999
0.3265008838747945,0.0883108904462758,0.23818999342851868,52.25,0.30000000000000004,0.14,1.0,11.0,0.07999999999999999
0.32653936017672536,0.08109354156499331,0.24544581861173206,52.5,0.32,0.14,1.0,11.0,0.07999999999999999
0.3266861054726201,0.08812255669120383,0.23856354878141628,52.25,0.34,0.14,1.0,11.0,0.07999999999999999
0.3268062191238283,0.08146617318227417,0.24534004594155412,52.5,0.30000000000000004,0.14,1.0,11.0,0.07999999999999999
0.3269404533633794,0.06749686333896672,0.2594435900244127,53.25,0.34,0.14,1.0,11.5,0.07999999999999999
0.32710546468645774,0.08937058056945624,0.23773488411700153,52.25,0.28,0.14,1.0,11.0,0.09999999999999999
0.32715467858771535,0.081451869481998,0.24570280910571735,52.5,0.34,0.14,1.0,11.0,0.07999999999999999
0.3271631420992802,0.09488345090200302,0.23227969119727718,52.0,0.32,0.14,1.0,11.0,0.07999999999999999
0.32743717791705546,0.0765673447024413,0.25086983321461415,53.25,0.26,0.14,1.0,12.0,0.07999999999999999
0.327490056353968,0.09798417345477477,0.22950588289919324,52.0,0.26,0.14,1.0,11.0,0.09999999999999999
0.32749389085213754,0.07973596689638872,0.2477579239557488,52.75,0.30000000000000004,0.14,1.0,11.5,0.09999999999999999
0.3275175031638234,0.09535199438028419,0.2321655087835392,52.0,0.30000000000000004,0.14,1.0,11.0,0.07999999999999999
0.32752657628851345,0.07356744486697749,0.253959131421536,53.25,0.34,0.14,1.0,12.0,0.07999999999999999
0.32756466898850406,0.0950219362437573,0.23254273274474677,52.0,0.34,0.14,1.0,11.0,0.07999999999999999
0.3275655269429786,0.07933972946722853,0.24822579747575005,52.75,0.32,0.14,1.0,11.5,0.09999999999999999
0.32759441610007395,0.08937058056945624,0.2382238355306177,52.25,0.28,0.14,1.0,11.0,0.07999999999999999
0.327827801691256,0.09988540416630652,0.22794239752494952,52.25,0.30000000000000004,0.14,1.0,12.0,0.09999999999999999
0.3279158179962014,0.08253527018925723,0.24538054780694418,52.5,0.28,0.14,1.0,11.0,0.07999999999999999
0.3279698340837104,0.102048840633616,0.22182331218286244,51.75,0.32,0.14,1.0,11.0,0.09999999999999999
0.3280082787205394,0.08629931972347009,0.2417089589970693,52.75,0.30000000000000004,0.14,1.0,12.0,0.06
0.32810498648524067,0.09435464069233701,0.23375034579290369,52.25,0.30000000000000004,0.14,1.1,11.5,0.09999999999999999
0.3282062551357693,0.07011601427885807,0.25809024085691123,53.25,0.26,0.14,1.0,11.5,0.07999999999999999
0.32820810218326557,0.07456650170673972,0.25364160047652584,52.75,0.32,0.14,1.0,11.0,0.07999999999999999
0.32821364911220685,0.08581417335326377,0.24239947575894305,52.75,0.32,0.14,1.0,12.0,0.06
0.32825356052397936,0.08109354156499331,0.24716001895898604,52.5,0.32,0.14,1.0,11.0,0.09999999999999999
0.32832670765193256,0.0808496746870044,0.24747703296492815,52.75,0.28,0.14,1.0,11.5,0.09999999999999999
0.32837225364325556,0.10210420136142542,0.2220596495589793,51.75,0.34,0.14,1.0,11.0,0.09999999999999999
0.3283840025950489,0.09417655570704053,0.23420744688800837,52.25,0.32,0.14,1.1,11.5,0.09999999999999999
0.3284143540883003,0.07486987891313202,0.25354447517516826,52.75,0.30000000000000004,0.14,1.0,11.0,0.07999999999999999
0.3284722655958189,0.09933751656193107,0.2291347490338878,52.25,0.32,0.14,1.0,12.0,0.09999999999999999
0.3284851139807933,0.10108201076483112,0.22523908168629997,52.0,0.32,0.14,1.1,11.5,0.09999999999999999
0.3285834773649358,0.07969738561079148,0.24888609175414433,52.75,0.34,0.14,1.0,11.5,0.09999999999999999
0.3285935732851937,0.09639822612359583,0.23219534716159781,52.0,0.28,0.14,1.0,11.0,0.07999999999999999
0.32859814496708073,0.09301502009906837,0.23558312486801236,52.5,0.30000000000000004,0.14,1.0,12.0,0.06
0.3285990376864073,0.09435464069233701,0.2342443969940703,52.25,0.30000000000000004,0.14,1.1,11.5,0.07999999999999999
0.3285991885137338,0.08744272839830024,0.2411564601154336,52.75,0.28,0.14,1.0,12.0,0.06
0.3286072999827171,0.07977468151722267,0.24883261846549445,53.0,0.30000000000000004,0.14,1.0,12.0,0.06
0.32864097780147994,0.08146617318227417,0.24717480461920577,52.5,0.30000000000000004,0.14,1.0,11.0,0.09999999999999999
0.3286606736300841,0.09517109005006766,0.23348958358001648,52.25,0.28,0.14,1.1,11.5,0.09999999999999999
0.3287048876092968,0.10131891383571451,0.2247481461021533,52.0,0.30000000000000004,0.14,1.1,11.5,0.09999999999999999
0.3287575506326426,0.0924941602254593,0.2362633904071833,52.5,0.32,0.14,1.0,12.0,0.06
0.3287738578612752,0.081451869481998,0.24732198837927724,52.5,0.34,0.14,1.0,11.0,0.09999999999999999
0.3288221902345389,0.09417655570704053,0.23464563452749837,52.25,0.32,0.14,1.1,11.5,0.07999999999999999
0.3288647984892617,0.07933612625803094,0.24952867223123076,53.0,0.32,0.14,1.0,12.0,0.06
0.3289593259400069,0.07506903986205236,0.2538902860779545,52.75,0.34,0.14,1.0,11.0,0.07999999999999999
0.32907796421563545,0.09101995404173223,0.2380580101739032,52.25,0.26,0.14,1.0,11.0,0.09999999999999999
0.32917804060616973,0.09413808503647639,0.23503995556969337,52.5,0.28,0.14,1.0,12.0,0.06
0.3291794535199951,0.09517109005006766,0.23400836346992748,52.25,0.28,0.14,1.1,11.5,0.07999999999999999
0.32921047532756653,0.08093543966552366,0.24827503566204284,53.0,0.28,0.14,1.0,12.0,0.06
0.3292537367074087,0.08602214649763684,0.24323159020977186,52.75,0.34,0.14,1.0,12.0,0.06
0.32932356776255356,0.0875603928151345,0.24176317494741903,52.5,0.30000000000000004,0.14,1.1,11.5,0.07999999999999999
0.32941220879157274,0.10254961473011447,0.22176336460122936,51.75,0.30000000000000004,0.14,1.0,11.0,0.09999999999999999
0.329418085576163,0.09101995404173223,0.23839813153443076,52.25,0.26,0.14,1.0,11.0,0.07999999999999999
0.32953290879724173,0.0946655935057572,0.2348673152914845,52.25,0.34,0.14,1.1,11.5,0.09999999999999999
0.32953635362489087,0.07594242055002445,0.25359393307486644,52.75,0.28,0.14,1.0,11.0,0.07999999999999999
0.32960903279249115,0.08745448734119964,0.2421545454512915,52.5,0.32,0.14,1.1,11.5,0.07999999999999999
0.32969170526656055,0.09260740881834567,0.23708429644821485,52.5,0.34,0.14,1.0,12.0,0.06
0.3298133458990039,0.0842510546793902,0.24556229121961373,52.5,0.26,0.14,1.0,11.0,0.07999999999999999
0.3298831961345966,0.0946655935057572,0.2352176026288394,52.25,0.34,0.14,1.1,11.5,0.07999999999999999
0.32989556086825383,0.08253527018925723,0.24736029067899662,52.5,0.28,0.14,1.0,11.0,0.09999999999999999
0.32990032405961345,0.0993717177014538,0.23052860635815967,52.25,0.34,0.14,1.0,12.0,0.09999999999999999
0.32990186937894833,0.08836448818190255,0.24153738119704576,52.5,0.28,0.14,1.1,11.5,0.07999999999999999
0.3299065036993155,0.10098624158392736,0.22694777894753349,52.25,0.28,0.14,1.0,12.0,0.09999999999999999
0.3299352942452043,0.08919700748832812,0.24073828675687617,52.75,0.26,0.14,1.0,12.0,0.06
0.32995854550866294,0.0939217961334924,0.23603674937517052,52.5,0.30000000000000004,0.14,1.1,12.0,0.07999999999999999
0.3300044839082036,0.09658600152224026,0.2334184823859633,52.25,0.26,0.14,1.1,11.5,0.09999999999999999
0.33000535151839144,0.08262790115466824,0.2473774503637232,52.75,0.26,0.14,1.0,11.5,0.09999999999999999
0.330024469274639,0.07965765722875852,0.2503668120458805,53.0,0.34,0.14,1.0,12.0,0.06
0.3301140979867869,0.1063140992973967,0.2111718000945968,52.0,0.32,0.14,1.0,12.0,0.07999999999999999
0.33011733806919896,0.09478083513404424,0.23533650293515473,52.5,0.28,0.14,1.1,12.0,0.07999999999999999
0.33028018954865845,0.09996413266645224,0.23031605688220624,52.0,0.32,0.16,1.0,11.5,0.09999999999999999
0.3303076004567805,0.10145805505659433,0.22593343528699752,52.0,0.34,0.14,1.1,11.5,0.09999999999999999
0.33034844169241356,0.09798417345477477,0.23236426823763878,52.0,0.26,0.14,1.0,11.0,0.07999999999999999
0.33037351825508365,0.0734882157458032,0.25688530250928043,53.25,0.30000000000000004,0.14,1.0,12.0,0.06
0.3303997503901388,0.09988540416630652,0.23051434622383227,52.25,0.30000000000000004,0.14,1.0,12.0,0.06
0.3304513118985839,0.1003450919365422,0.22941603608895733,52.5,0.32,0.14,1.0,12.5,0.07999999999999999
0.33045211967125854,0.09582189792316026,0.23463022174809825,52.5,0.26,0.14,1.0,12.0,0.06
0.33045867901762355,0.09549264652039931,0.23496603249722425,52.75,0.28,0.14,1.0,12.5,0.07999999999999999
0.33051664911872003,0.09933751656193107,0.23117913255678899,52.25,0.32,0.14,1.0,12.0,0.06
0.3305178688100878,0.09658600152224026,0.23393186728784757,52.25,0.26,0.14,1.1,11.5,0.07999999999999999
0.33053897386850983,0.09432982794940807,0.23620914591910175,52.75,0.30000000000000004,0.14,1.0,12.5,0.07999999999999999
0.3305894444549988,0.10069649392506771,0.2284999626797957,52.25,0.30000000000000004,0.14,1.1,12.0,0.07999999999999999
0.3306161125017203,0.08276391016192497,0.2478522023397953,53.0,0.26,0.14,1.0,12.0,0.06
0.3306244996511254,0.093709065169086,0.2369154344820394,52.5,0.32,0.14,1.1,12.0,0.07999999999999999
0.3306672696695553,0.06750144217337517,0.2631658274961801,53.5,0.30000000000000004,0.14,1.0,12.0,0.07999999999999999
0.33068184029312575,0.10042937240318085,0.22939372308358322,52.25,0.32,0.14,1.1,12.0,0.07999999999999999
0.3306926886845527,0.07310988887810976,0.25758279980644294,53.25,0.32,0.14,1.0,12.0,0.06
0.33076445176547187,0.10093181974579778,0.22796899252807856,52.5,0.30000000000000004,0.14,1.0,12.5,0.07999999999999999
0.33079377972934587,0.08807669920004613,0.24271708052929972,52.5,0.34,0.14,1.1,11.5,0.07999999999999999
0.33081483554770624,0.061272915937107,0.26954191961059926,53.5,0.30000000000000004,0.14,1.0,11.5,0.07999999999999999
0.3308637334486256,0.10688205401856304,0.21021757139293648,52.0,0.30000000000000004,0.14,1.0,12.0,0.07999999999999999
0.3308788465634527,0.10214151030236483,0.22445431565635815,52.0,0.28,0.14,1.1,11.5,0.09999999999999999
0.3309880135009676,0.07466168422678579,0.25632632927418186,53.25,0.28,0.14,1.0,12.0,0.06
0.33105449982784807,0.09624487011512675,0.2348096297127213,52.5,0.26,0.14,1.1,12.0,0.07999999999999999
0.33106987538121463,0.09301502009906837,0.23805485528214626,52.5,0.30000000000000004,0.14,1.0,12.0,0.09999999999999999
0.33107443203340614,0.06113816295575624,0.2699362690776499,53.5,0.32,0.14,1.0,11.5,0.07999999999999999
0.3311082164720621,0.09721165975163801,0.23389655672042411,52.75,0.26,0.14,1.0,12.5,0.07999999999999999
0.3311385642139153,0.10001894558834827,0.23108172744887054,52.0,0.34,0.16,1.0,11.5,0.09999999999999999
0.33115010240058296,0.10628227843322477,0.2123032671009087,52.0,0.34,0.14,1.0,12.0,0.07999999999999999
0.331184523256403,0.10048267230374124,0.22973650634517934,52.0,0.30000000000000004,0.16,1.0,11.5,0.09999999999999999
0.331185529522121,0.0683754525643859,0.26281007695773506,53.0,0.32,0.14,1.0,11.0,0.07999999999999999
0.3311894099139253,0.06720037707137991,0.26398903284254543,53.5,0.32,0.14,1.0,12.0,0.07999999999999999
0.3311936770924324,0.06868055346082338,0.262513123631609,53.5,0.28,0.14,1.0,12.0,0.07999999999999999
0.3312451258241861,0.09413808503647639,0.2371070407877097,52.5,0.28,0.14,1.0,12.0,0.09999999999999999
0.3312694400506959,0.0809771774583534,0.2502922625923425,52.75,0.30000000000000004,0.14,1.1,11.5,0.07999999999999999
0.3312936229306513,0.08982217512906147,0.24147144780158983,52.5,0.26,0.14,1.1,11.5,0.07999999999999999
0.33131446213572296,0.06859052255655855,0.2627239395791644,53.0,0.30000000000000004,0.14,1.0,11.0,0.07999999999999999
0.33134342147762397,0.0875603928151345,0.2437830286624895,52.5,0.30000000000000004,0.14,1.1,11.5,0.09999999999999999
0.3313547923373711,0.0993717177014538,0.2319830746359173,52.25,0.34,0.14,1.0,12.0,0.06
0.3313939591669063,0.09376481543963598,0.2376291437272703,52.75,0.32,0.14,1.0,12.5,0.07999999999999999
0.3314369852836293,0.07973596689638872,0.25170101838724057,52.75,0.30000000000000004,0.14,1.0,11.5,0.06
0.3314573566600024,0.07933972946722853,0.2521176271927739,52.75,0.32,0.14,1.0,11.5,0.06
0.3314619584961974,0.10108201076483112,0.22821592620170406,52.0,0.32,0.14,1.1,11.5,0.07999999999999999
0.33151164507129627,0.07772672909526042,0.25378491597603586,52.75,0.26,0.14,1.0,11.0,0.07999999999999999
0.3316292737671924,0.08095971023234241,0.25066956353485004,52.75,0.32,0.14,1.1,11.5,0.07999999999999999
0.3316561024738048,0.08745448734119964,0.24420161513260516,52.5,0.32,0.14,1.1,11.5,0.09999999999999999
0.33169045515352996,0.06238301557669873,0.26930743957683123,53.5,0.28,0.14,1.0,11.5,0.07999999999999999
0.3316933918549239,0.0924941602254593,0.23919923162946463,52.5,0.32,0.14,1.0,12.0,0.09999999999999999
0.3317665021863881,0.10131891383571451,0.22780976067924455,52.0,0.30000000000000004,0.14,1.1,11.5,0.07999999999999999
0.3318411929849444,0.08176083158821651,0.2500803613967279,52.75,0.28,0.14,1.1,11.5,0.07999999999999999
0.3318882963546283,0.08731781717470577,0.24457047917992253,52.75,0.30000000000000004,0.14,1.1,12.0,0.07999999999999999
0.3319094097502904,0.08601463600816715,0.24589477374212323,52.5,0.32,0.14,1.0,11.5,0.06
0.33192389486758117,0.08836448818190255,0.24355940668567863,52.5,0.28,0.14,1.1,11.5,0.09999999999999999
0.3319369257459765,0.10709853822573961,0.2106413110687577,51.75,0.32,0.14,1.0,11.5,0.09999999999999999
0.33195298207333984,0.08646285339106134,0.24549012868227849,52.5,0.30000000000000004,0.14,1.0,11.5,0.06
0.331961338489964,0.0842510546793902,0.24771028381057378,52.5,0.26,0.14,1.0,11.0,0.09999999999999999
0.33198991529255323,0.07356744486697749,0.25842247042557576,53.25,0.34,0.14,1.0,12.0,0.06
0.33202748658301506,0.09996413266645224,0.23206335391656285,52.0,0.32,0.16,1.0,11.5,0.07999999999999999
0.3320601711595939,0.10033911920309946,0.23104281355029552,52.5,0.34,0.14,1.0,12.5,0.07999999999999999
0.33206020043146034,0.08816911401905196,0.2438910864124084,52.75,0.28,0.14,1.1,12.0,0.07999999999999999
0.3320984238075048,0.06905074734839095,0.26304767645911387,53.0,0.34,0.14,1.0,11.0,0.07999999999999999
0.33214372595463637,0.07324839916333845,0.2588953267912979,53.0,0.30000000000000004,0.14,1.0,11.5,0.06
0.3321499413697061,0.09417253182914433,0.23797740954056176,52.5,0.34,0.14,1.1,12.0,0.07999999999999999
0.33217336973174716,0.09582189792316026,0.23635147180858687,52.5,0.26,0.14,1.0,12.0,0.09999999999999999
0.3322002468096661,0.09618407529006867,0.23601617151959742,52.0,0.32,0.14,1.1,11.0,0.09999999999999999
0.3322396217730314,0.07291908217438932,0.2593205395986421,53.0,0.32,0.14,1.0,11.5,0.06
0.33226229586348127,0.0808496746870044,0.2514126211764769,52.75,0.28,0.14,1.0,11.5,0.06
0.33229203300681337,0.07456650170673972,0.25772553130007364,52.75,0.32,0.14,1.0,11.0,0.09999999999999999
0.3323636381425427,0.07969738561079148,0.25266625253175123,52.75,0.34,0.14,1.0,11.5,0.06
0.3324413509998329,0.09634828115382453,0.23609306984600836,52.0,0.30000000000000004,0.14,1.1,11.0,0.09999999999999999
0.3324420385201419,0.0696577742032547,0.26278426431688723,53.0,0.28,0.14,1.0,11.0,0.07999999999999999
0.33245758933063246,0.1015577227693083,0.2277844210227076,52.25,0.28,0.14,1.1,12.0,0.07999999999999999
0.3324694769934504,0.0765673447024413,0.2559021322910091,53.25,0.26,0.14,1.0,12.0,0.06
0.3325148476095018,0.06201950512437171,0.2704953424851301,53.5,0.34,0.14,1.0,11.5,0.07999999999999999
0.33259983762346007,0.08717188393147832,0.24542795369198175,52.75,0.32,0.14,1.1,12.0,0.07999999999999999
0.33261289987754394,0.10357965072058385,0.22187394771579244,51.75,0.28,0.14,1.0,11.0,0.09999999999999999
0.332640502604523,0.07486987891313202,0.257770623691391,52.75,0.30000000000000004,0.14,1.0,11.0,0.09999999999999999
0.3326825585847221,0.08625218402080338,0.24643037456391872,52.5,0.34,0.14,1.0,11.5,0.06
0.3326912482800829,0.07066479916647732,0.26202644911360556,53.5,0.26,0.14,1.0,12.0,0.07999999999999999
0.3326918427765372,0.1070837677695388,0.21144053946792082,51.75,0.34,0.14,1.0,11.5,0.09999999999999999
0.3327498430112438,0.10001894558834827,0.23269300624619893,52.0,0.34,0.16,1.0,11.5,0.07999999999999999
0.3327758808302793,0.08756321952724386,0.24521266130303548,52.5,0.28,0.14,1.0,11.5,0.06
0.3327881470458711,0.09666694053450826,0.23612120651136287,52.0,0.34,0.14,1.1,11.0,0.09999999999999999
0.33280737291701457,0.06782034195832394,0.26498703095869064,53.5,0.34,0.14,1.0,12.0,0.07999999999999999
0.3328242462349481,0.10078459902284358,0.2304704491664174,52.25,0.34,0.14,1.1,12.0,0.07999999999999999
0.3328547837461587,0.09432982794940807,0.2385249557967506,52.75,0.30000000000000004,0.14,1.0,12.5,0.06
0.3328673180271172,0.07324839916333845,0.25961891886377875,53.0,0.30000000000000004,0.14,1.0,11.5,0.09999999999999999
0.33289839483370753,0.08807669920004613,0.24482169563366138,52.5,0.34,0.14,1.1,11.5,0.09999999999999999
0.33290785186319427,0.10206966471894935,0.22669885770634624,52.5,0.28,0.14,1.0,12.5,0.07999999999999999
0.332925213321215,0.07506903986205236,0.2578561734591626,52.75,0.34,0.14,1.0,11.0,0.09999999999999999
0.3329439313313612,0.10098624158392736,0.22998520657957913,52.25,0.28,0.14,1.0,12.0,0.06
0.33295676158954846,0.0817388575160939,0.25121790407345457,52.75,0.34,0.14,1.1,11.5,0.07999999999999999
0.33295975431113267,0.10764067955786667,0.21003771563753262,51.75,0.30000000000000004,0.14,1.0,11.5,0.09999999999999999
0.3329626295350267,0.07291908217438932,0.2600435473606374,53.0,0.32,0.14,1.0,11.5,0.09999999999999999
0.33296908373757006,0.07437014422088067,0.2585989395166894,53.0,0.28,0.14,1.0,11.5,0.06
0.33303771584746245,0.10048267230374124,0.23158969893623876,52.0,0.30000000000000004,0.16,1.0,11.5,0.07999999999999999
0.33305363379210684,0.09292688587101541,0.24012674792109145,52.25,0.32,0.16,1.0,11.5,0.07999999999999999
0.3330590593399511,0.09383004577912903,0.23922901356082207,52.75,0.34,0.14,1.0,12.5,0.07999999999999999
0.33306420332504094,0.08967957910100839,0.24338462422403254,52.75,0.26,0.14,1.1,12.0,0.07999999999999999
0.3330727747338395,0.09341473073053373,0.23965804400330576,52.25,0.30000000000000004,0.16,1.0,11.5,0.07999999999999999
0.33314740131029097,0.09549264652039931,0.23765475478989168,52.75,0.28,0.14,1.0,12.5,0.06
0.333151566461947,0.09260740881834567,0.24054415764360135,52.5,0.34,0.14,1.0,12.0,0.09999999999999999
0.33316589451263906,0.10145805505659433,0.22879172934285605,52.0,0.34,0.14,1.1,11.5,0.07999999999999999
0.33325258040653194,0.08907747181261391,0.24417510859391803,53.0,0.28,0.14,1.0,12.5,0.07999999999999999
0.33327413391442084,0.09991245843409619,0.2333616754803247,52.25,0.30000000000000004,0.16,1.0,12.0,0.07999999999999999
0.33327618508981416,0.08789130639712596,0.24538487869268819,53.0,0.30000000000000004,0.14,1.0,12.5,0.07999999999999999
0.33328888246858834,0.08326077679650168,0.25002810567208666,52.75,0.26,0.14,1.1,11.5,0.07999999999999999
0.33329300144342006,0.06750144217337517,0.2657915592700449,53.5,0.30000000000000004,0.14,1.0,12.0,0.06
0.33329955676234146,0.07342115172695293,0.2598784050353885,53.0,0.34,0.14,1.0,11.5,0.06
0.3333040341661327,0.09376481543963598,0.23953921872649672,52.75,0.32,0.14,1.0,12.5,0.06
0.33331551993034786,0.10795953174281725,0.20943692470189612,52.0,0.28,0.14,1.0,12.0,0.07999999999999999
0.3333440362243993,0.08789130639712596,0.24545272982727334,53.0,0.30000000000000004,0.14,1.0,12.5,0.06
0.3333461758010329,0.08982217512906147,0.24352400067197139,52.5,0.26,0.14,1.1,11.5,0.09999999999999999
0.33347684667052935,0.09713200121390225,0.23634484545662712,52.0,0.28,0.14,1.1,11.0,0.09999999999999999
0.3335854945042187,0.102048840633616,0.22743897260337076,51.75,0.32,0.14,1.0,11.0,0.07999999999999999
0.3335906278890068,0.10709853822573961,0.21229501321178798,51.75,0.32,0.14,1.0,11.5,0.07999999999999999
0.33359917298125213,0.09289136903055085,0.24070780395070127,52.25,0.32,0.14,1.0,11.5,0.06
0.3336139342862442,0.06438607847860012,0.2692278558076441,53.5,0.26,0.14,1.0,11.5,0.07999999999999999
0.3336330740027869,0.09936503794810846,0.23426803605467847,52.25,0.32,0.16,1.0,12.0,0.07999999999999999
0.333658696916472,0.08907747181261391,0.2445812251038581,53.0,0.28,0.14,1.0,12.5,0.06
0.3336874550293899,0.06720037707137991,0.26648707795800997,53.5,0.32,0.14,1.0,12.0,0.06
0.3336984930790761,0.09337970078540678,0.24031879229366934,52.25,0.30000000000000004,0.14,1.0,11.5,0.06
0.33374931089321586,0.07437014422088067,0.2593791666723352,53.0,0.28,0.14,1.0,11.5,0.09999999999999999
0.33376001255217147,0.09341473073053373,0.24034528182163772,52.25,0.30000000000000004,0.16,1.0,11.5,0.09999999999999999
0.33381642811997303,0.09306481313071069,0.2407516149892623,52.25,0.34,0.16,1.0,11.5,0.07999999999999999
0.333819514451443,0.09292688587101541,0.2408926285804276,52.25,0.32,0.16,1.0,11.5,0.09999999999999999
0.33382433759698354,0.08735556895660428,0.24646876864037925,53.0,0.32,0.14,1.0,12.5,0.06
0.33383868110102655,0.0944975502802128,0.23934113082081374,52.25,0.28,0.16,1.0,11.5,0.07999999999999999
0.3338764649873342,0.08262790115466824,0.25124856383266597,52.75,0.26,0.14,1.0,11.5,0.06
0.3339148431199497,0.06868055346082338,0.2652342896591263,53.5,0.28,0.14,1.0,12.0,0.06
0.3339277865775232,0.07594242055002445,0.2579853660274988,52.75,0.28,0.14,1.0,11.0,0.09999999999999999
0.3339376722221421,0.08934126407630982,0.2445964081458323,52.25,0.32,0.14,1.1,11.0,0.09999999999999999
0.3339573776016759,0.10260353813461366,0.22614676319783486,52.25,0.26,0.14,1.0,12.0,0.09999999999999999
0.33397737910993663,0.10154640521155091,0.2293381634752839,52.0,0.28,0.16,1.0,11.5,0.09999999999999999
0.33399230718594963,0.10214151030236483,0.2275677762788551,52.0,0.28,0.14,1.1,11.5,0.07999999999999999
0.3340050653538228,0.09086674744803035,0.24313831790579246,53.0,0.26,0.14,1.0,12.5,0.07999999999999999
0.33401140810258023,0.10210420136142542,0.22769880401830397,51.75,0.34,0.14,1.0,11.0,0.07999999999999999
0.3340727991360964,0.06706528177248179,0.2670075173636146,53.25,0.30000000000000004,0.14,1.0,11.5,0.06
0.33407972641781214,0.07342115172695293,0.2606585746908592,53.0,0.34,0.14,1.0,11.5,0.09999999999999999
0.33412659474039186,0.08735556895660428,0.24677102578378757,53.0,0.32,0.14,1.0,12.5,0.07999999999999999
0.3341323318598649,0.0894321127548414,0.2447002191050235,52.25,0.30000000000000004,0.14,1.1,11.0,0.09999999999999999
0.3341369910027028,0.09721165975163801,0.2369253312510648,52.75,0.26,0.14,1.0,12.5,0.06
0.3341873441937452,0.1070837677695388,0.21293604088512874,51.75,0.34,0.14,1.0,11.5,0.07999999999999999
0.33423103919379404,0.0877625743661601,0.24646846482763393,52.75,0.34,0.14,1.1,12.0,0.07999999999999999
0.33425527839015423,0.09302904294377073,0.2412262354463835,52.25,0.34,0.14,1.0,11.5,0.06
0.3342599981013995,0.06682163286168719,0.2674383652397123,53.25,0.32,0.14,1.0,11.5,0.06
0.33432827527921305,0.0892697511125566,0.24505852416665647,52.5,0.26,0.14,1.0,11.5,0.06
0.33440964208264135,0.07465789761336832,0.259751744469273,53.0,0.30000000000000004,0.14,1.1,11.5,0.07999999999999999
0.33447516932160515,0.0944975502802128,0.23997761904139236,52.25,0.28,0.16,1.0,11.5,0.09999999999999999
0.33449688588836585,0.07151090569835482,0.262985980190011,53.0,0.26,0.14,1.0,11.0,0.07999999999999999
0.334518670796741,0.09446321635484711,0.24005545444189394,52.25,0.28,0.14,1.0,11.5,0.06
0.3345307301768572,0.09383004577912903,0.24070068439772818,52.75,0.34,0.14,1.0,12.5,0.06
0.33462824975386296,0.1003450919365422,0.2335929739442364,52.5,0.32,0.14,1.0,12.5,0.06
0.3346311839209662,0.08995666336786141,0.24467452055310476,52.25,0.34,0.14,1.1,11.0,0.09999999999999999
0.33465052645221494,0.07622303829002283,0.2584274881621921,53.0,0.26,0.14,1.0,11.5,0.06
0.33468947748344935,0.09306481313071069,0.2416246643527387,52.25,0.34,0.16,1.0,11.5,0.09999999999999999
