angle_deg,lambda_a,lambda_b
0.01,1.0645353583513861,1.2700543495623272e-08
0.20993333333333336,1.0645353470465813,5.1318119888207846e-08
0.4098666666666667,1.06453530302351,1.9518238793006879e-07
0.6098000000000001,1.0645351416246889,6.986577909955421e-07
0.8097333333333334,1.0645345846287835,2.3532359060960436e-06
1.0096666666666667,1.0645327755653018,7.45684836158097e-06
1.2096000000000002,1.0645272470069016,2.222451224664581e-05
1.4095333333333335,1.0645113535857529,6.228419876062023e-05
1.6094666666666668,1.0644683857961128,0.00016407919517499368
1.8094000000000001,1.0643591817320777,0.0004061580858447831
2.009333333333333,1.0640983704362366,0.0009442929020574191
2.2092666666666667,1.063513322498154,0.002060875495009937
2.4092000000000002,1.0622814285909095,0.004219303176035125
2.6091333333333333,1.059848380652629,0.008096817641763513
2.809066666666667,1.0553451801624332,0.014548527819002417
3.009,1.0475437839441288,0.024443914680046516
3.2089333333333334,1.0349128383494601,0.03833536404984098
3.408866666666667,1.0158398290093062,0.05598368533305239
3.6088,0.9890548354656563,0.07587352769125334
3.8087333333333335,0.9542140427196832,0.09495858259475311
4.008666666666667,0.912493667668018,0.1089050947623205
4.208600000000001,0.8669545877859165,0.11298128658324025
4.408533333333334,0.8224294507595695,0.10346690413021738
4.608466666666667,0.7848016348471513,0.07913695961029164
4.808400000000001,0.7597718295915863,0.042191434418831414
5.008333333333334,0.7514520685546631,-0.0018851435866985063
5.208266666666667,0.7612611263235833,-0.0456374184921917
5.4082,0.787528920495954,-0.08170124149265595
5.608133333333334,0.8259614522480987,-0.10483047265540552
5.808066666666667,0.8707884650272365,-0.11312217194570076
6.008,0.9161724695577527,-0.10805667775036341
6.207933333333334,0.9574094441746316,-0.09349821264078309
6.407866666666667,0.9915992601286592,-0.0741941838013065
6.6078,1.0177112802588115,-0.05439601437619185
6.807733333333334,1.036190475737868,-0.037023278197000735
7.007666666666667,1.048356092955383,-0.023470172927324572
7.2076,1.0558272941378442,-0.01389018312528922
7.407533333333334,1.060115960648695,-0.007687790290919428
7.607466666666667,1.0624204913068447,-0.003984449673943383
7.8074,1.0635810663590637,-0.0019357664819282512
8.007333333333333,1.064129329464364,-0.0008822832939228292
8.207266666666667,1.0643724633135145,-0.0003775009982769534
8.407200000000001,1.0644737374999527,-0.00015171060314744534
8.607133333333334,1.0645133799083868,-5.7292068955316236e-05
8.807066666666667,1.0645279682177116,-2.03383409051956e-05
9.007000000000001,1.0645330169394505,-6.7891568407590875e-06
9.206933333333334,1.0645346606109694,-2.1316324159305745e-06
9.406866666666668,1.0645351641269674,-6.296591400317516e-07
9.606800000000002,1.0645353092943046,-1.7501795397509345e-07
9.806733333333334,1.0645353486912428,-4.578462324624904e-08
10.006666666666668,1.0645353584365052,1.2401924926224746e-08
10.2066,1.0645353473906882,5.0162032584473605e-08
10.406533333333334,1.0645353043329389,1.909781432933689e-07
10.606466666666668,1.0645351463141712,6.843013466461866e-07
10.8064,1.0645346004320089,2.3072229983175403e-06
11.006333333333334,1.0645328256674411,7.318502232698089e-06
11.206266666666668,1.0645273964083584,2.1834525206712337e-05
11.4062,1.0645117724981483,6.125423784859319e-05
11.606133333333334,1.0644694899328746,0.0001615329129538669
11.806066666666668,1.0643619163081115,0.0004002716540323491
12.006,1.064104731488939,0.0009315844990911164
12.205933333333334,1.0635272125414268,0.0020352952478669348
12.405866666666668,1.0623098813809697,0.004171400353200716
12.6058,1.0599030110233303,0.008013599967830043
12.805733333333334,1.055443395382685,0.01441494599515868
13.005666666666668,1.0477088949559696,0.024246913971766683
13.2056,1.0351719326366196,0.038070784117111
13.405533333333334,1.0162184310183289,0.05566478956098992
13.605466666666668,0.9895682752281947,0.07553797197116255
13.8054,0.954857075595156,0.09466925378426895
14.005333333333335,0.9132317113451968,0.10874085864990762
14.205266666666668,0.8677209553005099,0.1130170849828503
14.4052,0.8231321234267119,0.10374802528872362
14.605133333333335,0.7853401108320403,0.07965706268220865
14.805066666666669,0.7600603261591707,0.0428848195288036
15.005,0.7514418402875288,-0.0011311231040114125
15.204933333333335,0.7609539328192508,-0.04495247338524479
15.404866666666669,0.7869765314919452,-0.08119566784026348
15.604800000000001,0.8252513813474346,-0.10456616841685823
15.804733333333335,0.8700213332424817,-0.11310158914628357
16.00466666666667,0.9154390292765421,-0.10823176523285119
16.204600000000003,0.9567743349345458,-0.09379298717983321
16.404533333333337,0.9910949320302476,-0.07453033069243607
16.60446666666667,1.0173412924641845,-0.05471216661837666
16.804400000000005,1.0359385003788906,-0.0372835259868359
17.004333333333335,1.0481962650969676,-0.023662671886594832
17.20426666666667,1.0557326508205904,-0.0140199468488632
17.404200000000003,1.0600635494723036,-0.007768192092901511
17.604133333333337,1.062393312713389,-0.004030495474613124
17.80406666666667,1.0635678550881826,-0.0019602350120282246
18.004000000000005,1.0641233048383698,-0.0008943819987733176
18.203933333333335,1.0643698842119822,-0.0003830792551737674
18.40386666666667,1.0644727004663181,-0.00015411271587382802
18.603800000000003,1.064512988079409,-5.8259414214888496e-05
18.803733333333337,1.0645278290490334,-2.0703020964280843e-05
19.00366666666667,1.064532970459598,-6.917967648349931e-06
19.203600000000005,1.0645346460099472,-2.1742910642299735e-06
19.403533333333336,1.0645351598117987,-6.429126886862839e-07
19.60346666666667,1.0645353080942652,-1.78882910077113e-07
19.803400000000003,1.0645353483771536,-4.684297507657116e-08
20.003333333333337,1.0645353585196222,1.2110124345511647e-08
20.20326666666667,1.0645353477270405,4.9031164835361525e-08
20.403200000000002,1.0645353056141518,1.8686130772341891e-07
20.603133333333336,1.0645351509072525,6.702285735124662e-07
20.80306666666667,1.0645346159261024,2.26207140335297e-06
21.003000000000004,1.064532874839623,7.182600496322212e-06
21.202933333333338,1.0645275431869252,2.145101455211644e-05
21.40286666666667,1.0645121844796785,6.024027302979434e-05
21.602800000000002,1.064470576925583,0.00015902339452363322
21.802733333333336,1.0643646112286302,0.00039446366096165694
22.00266666666667,1.0641110068788402,0.0009190309760942545
22.202600000000004,1.0635409300554841,0.002009996817649553
22.402533333333338,1.062338010886771,0.004123967210734972
22.602466666666672,1.0599570794194806,0.007931092665643378
22.802400000000002,1.0555407079036836,0.014282324438286705
23.002333333333336,1.047872673725128,0.024051040896049355
23.20226666666667,1.0354292361849082,0.03780728220617407
23.402200000000004,1.0165948725304437,0.05534656433269753
23.602133333333338,0.9900794386371761,0.07520224219468978
23.802066666666672,0.9554981414872854,0.09437853004656604
24.002000000000002,0.9139686318447507,0.10857387732337775
24.201933333333336,0.8684875526263327,0.11304905928973805
24.40186666666667,0.8238366884194311,0.10402494386587208
24.601800000000004,0.7858821019634962,0.08017356055699135
24.80173333333334,0.7603535183190284,0.04357614228168131
25.001666666666672,0.7514367260286553,-0.0003770471934878234
25.201600000000003,0.7606513919759839,-0.0442653708028094
25.401533333333337,0.7864275837287542,-0.08068643494787686
25.60146666666667,0.8245431172311294,-0.1042976585773478
25.801400000000005,0.8692543538733208,-0.11307722283502156
26.00133333333334,0.9147044106214999,-0.10840417231583346
26.20126666666667,0.9561372310114582,-0.09408643373958717
26.401200000000003,0.9905883245718283,-0.07486635594425357
26.601133333333337,1.0169691581283369,-0.05502901995709097
26.80106666666667,1.0356847563171356,-0.03754486172638125
27.001000000000005,1.048035127894462,-0.023856294028805236
27.20093333333334,1.0556371242250813,-0.014150659334564039
27.40086666666667,1.0600105906443635,-0.00784929146329333
27.600800000000003,1.062365820281398,-0.004077000121659821
27.800733333333337,1.0635544769427827,-0.001984977601035705
28.00066666666667,1.0641171976507524,-0.0009066306867415086
28.200600000000005,1.0643672670224285,-0.0003887331702818238
28.40053333333334,1.0644716470219246,-0.00015655015518090896
28.60046666666667,1.0645125896380476,-5.924207419006577e-05
28.800400000000003,1.0645276873861826,-2.1073879563185228e-05
29.000333333333337,1.0645329230982872,-7.049102355321248e-06
29.20026666666667,1.0645346311168529,-2.217765784923219e-06
29.400200000000005,1.0645351554058384,-6.564341094660582e-07
29.60013333333334,1.0645353068677355,-1.828301344502575e-07
29.80006666666667,1.064535348055807,-4.792498572484486e-08
30.000000000000004,1.0645353586007829,1.1824991020025853e-08
30.199933333333338,1.064535348055807,4.792498572484736e-08
30.39986666666667,1.0645353068677355,1.8283013445027068e-07
30.599800000000005,1.0645351554058384,6.564341094661009e-07
30.79973333333334,1.0645346311168529,2.2177657849233554e-06
30.99966666666667,1.0645329230982872,7.049102355321535e-06
31.199600000000004,1.0645276873861826,2.1073879563186055e-05
31.399533333333338,1.0645125896380476,5.924207419006765e-05
31.59946666666667,1.0644716470219246,0.00015655015518091655
31.799400000000006,1.0643672670224285,0.0003887331702818421
31.999333333333336,1.0641171976507524,0.0009066306867415345
32.19926666666667,1.0635544769427827,0.0019849776010357322
32.3992,1.062365820281398,0.004077000121659867
32.599133333333334,1.0600105906443635,0.007849291463293422
32.79906666666667,1.055637124225081,0.014150659334564313
32.999,1.0480351278944617,0.02385629402880566
33.198933333333336,1.0356847563171352,0.03754486172638178
33.39886666666667,1.0169691581283362,0.05502901995709164
33.598800000000004,0.9905883245718271,0.07486635594425431
33.79873333333333,0.9561372310114582,0.09408643373958717
33.998666666666665,0.9147044106214992,0.10840417231583366
34.1986,0.8692543538733201,0.11307722283502153
34.39853333333333,0.8245431172311287,0.10429765857734752
34.59846666666667,0.7864275837287535,0.08068643494787632
34.7984,0.7606513919759835,0.044265370802808665
34.998333333333335,0.7514367260286553,0.00037704719348621596
35.19826666666667,0.7603535183190291,-0.043576142281682766
35.3982,0.7858821019634972,-0.08017356055699244
35.59813333333334,0.8238366884194326,-0.10402494386587266
35.79806666666667,0.8684875526263344,-0.11304905928973813
35.998000000000005,0.9139686318447524,-0.10857387732337742
36.19793333333333,0.9554981414872861,-0.09437853004656571
36.397866666666665,0.9900794386371766,-0.07520224219468943
36.5978,1.016594872530444,-0.05534656433269721
36.79773333333333,1.0354292361849085,-0.03780728220617378
36.99766666666667,1.0478726737251283,-0.024051040896049147
37.1976,1.0555407079036838,-0.014282324438286535
37.397533333333335,1.0599570794194806,-0.007931092665643211
37.59746666666667,1.062338010886771,-0.004123967210734866
37.7974,1.0635409300554841,-0.0020099968176495006
37.99733333333334,1.0641110068788402,-0.0009190309760942265
38.19726666666667,1.0643646112286302,-0.00039446366096164496
38.397200000000005,1.064470576925583,-0.0001590233945236279
38.59713333333333,1.0645121844796785,-6.0240273029793394e-05
38.797066666666666,1.0645275431869252,-2.145101455211608e-05
38.997,1.064532874839623,-7.182600496322078e-06
39.196933333333334,1.0645346159261024,-2.2620714033529286e-06
39.39686666666667,1.0645351509072525,-6.702285735124528e-07
39.5968,1.0645353056141518,-1.86861307723416e-07
39.796733333333336,1.0645353477270405,-4.903116483535916e-08
39.99666666666667,1.0645353585196222,-1.2110124345511015e-08
40.196600000000004,1.0645353483771536,4.684297507657359e-08
40.39653333333334,1.0645353080942652,1.7888291007712163e-07
40.59646666666667,1.0645351598117987,6.429126886863126e-07
40.7964,1.0645346460099472,2.174291064230019e-06
40.99633333333333,1.064532970459598,6.917967648350094e-06
41.196266666666666,1.0645278290490334,2.0703020964281328e-05
41.3962,1.064512988079409,5.825941421488977e-05
41.596133333333334,1.0644727004663181,0.0001541127158738309
41.79606666666667,1.0643698842119822,0.00038307925517377435
41.996,1.0641233048383698,0.0008943819987733443
42.195933333333336,1.0635678550881826,0.0019602350120282775
42.39586666666667,1.0623933127133889,0.0040304954746132205
42.595800000000004,1.0600635494723034,0.007768192092901689
42.79573333333334,1.0557326508205902,0.014019946848863474
42.99566666666667,1.0481962650969672,0.023662671886595262
43.1956,1.0359385003788903,0.037283525986836125
43.39553333333333,1.0173412924641843,0.05471216661837694
43.59546666666667,0.9910949320302471,0.07453033069243636
43.7954,0.9567743349345452,0.09379298717983348
43.995333333333335,0.9154390292765415,0.10823176523285134
44.19526666666667,0.870021333242481,0.11310158914628354
44.3952,0.825251381347434,0.10456616841685801
44.59513333333334,0.7869765314919442,0.08119566784026253
44.79506666666667,0.7609539328192503,0.04495247338524351
44.995000000000005,0.7514418402875288,0.001131123104010006
45.19493333333334,0.7600603261591715,-0.042884819528805074
45.394866666666665,0.7853401108320403,-0.07965706268220865
45.5948,0.8231321234267119,-0.10374802528872362
45.79473333333333,0.8677209553005102,-0.1130170849828503
45.99466666666667,0.913231711345197,-0.10874085864990757
46.1946,0.9548570755951561,-0.09466925378426888
46.394533333333335,0.9895682752281955,-0.07553797197116213
46.59446666666667,1.0162184310183293,-0.055664789560989525
46.7944,1.03517193263662,-0.038070784117110665
46.99433333333334,1.0477088949559699,-0.024246913971766308
47.19426666666667,1.055443395382685,-0.014414945995158444
47.394200000000005,1.0599030110233305,-0.008013599967829894
47.59413333333334,1.0623098813809697,-0.004171400353200617
47.794066666666666,1.0635272125414268,-0.0020352952478669348
47.994,1.064104731488939,-0.0009315844990911164
48.193933333333334,1.0643619163081115,-0.0004002716540323476
48.39386666666667,1.0644694899328746,-0.00016153291295386592
48.5938,1.0645117724981483,-6.125423784859287e-05
48.793733333333336,1.0645273964083584,-2.1834525206712066e-05
48.99366666666667,1.0645328256674411,-7.318502232697987e-06
49.1936,1.0645346004320089,-2.307222998317506e-06
49.39353333333334,1.0645351463141712,-6.843013466461585e-07
49.59346666666667,1.0645353043329389,-1.9097814329336107e-07
49.793400000000005,1.0645353473906882,-5.016203258447144e-08
49.99333333333334,1.0645353584365052,-1.2401924926224193e-08
50.193266666666666,1.0645353486912428,4.578462324624904e-08
50.3932,1.0645353092943046,1.7501795397509483e-07
50.593133333333334,1.0645351641269674,6.29659140031756e-07
50.79306666666667,1.0645346606109694,2.1316324159305834e-06
50.993,1.0645330169394505,6.789156840759264e-06
51.192933333333336,1.0645279682177116,2.0338340905196068e-05
51.39286666666667,1.0645133799083868,5.729206895531766e-05
51.592800000000004,1.0644737374999527,0.00015171060314744992
51.79273333333334,1.0643724633135145,0.00037750099827696366
51.99266666666667,1.064129329464364,0.0008822832939228537
52.192600000000006,1.0635810663590637,0.0019357664819283007
52.39253333333333,1.0624204913068447,0.003984449673943383
52.59246666666667,1.060115960648695,0.007687790290919436
52.7924,1.0558272941378442,0.013890183125289229
52.992333333333335,1.048356092955383,0.0234701729273246
53.19226666666667,1.0361904757378677,0.0370232781970009
53.3922,1.0177112802588113,0.05439601437619208
53.59213333333334,0.9915992601286588,0.07419418380130673
53.79206666666667,0.9574094441746306,0.09349821264078348
53.992000000000004,0.9161724695577517,0.10805667775036366
54.19193333333334,0.8707884650272352,0.11312217194570073
54.39186666666667,0.8259614522480971,0.10483047265540496
54.591800000000006,0.7875289204959529,0.08170124149265492
54.79173333333333,0.7612611263235833,0.0456374184921917
54.99166666666667,0.7514520685546631,0.0018851435866984725
55.1916,0.7597718295915863,-0.04219143441883153
55.391533333333335,0.7848016348471513,-0.07913695961029174
55.59146666666667,0.82242945075957,-0.10346690413021757
55.7914,0.8669545877859177,-0.11298128658324028
55.99133333333334,0.912493667668019,-0.10890509476232028
56.19126666666667,0.9542140427196842,-0.0949585825947527
56.391200000000005,0.9890548354656571,-0.0758735276912528
56.59113333333334,1.0158398290093071,-0.055983685333051765
56.79106666666667,1.0349128383494608,-0.03833536404984044
56.99100000000001,1.047543783944129,-0.024443914680046086
57.190933333333334,1.0553451801624332,-0.014548527819002413
57.39086666666667,1.0598483806526293,-0.00809681764176351
57.5908,1.0622814285909095,-0.004219303176035116
57.790733333333336,1.063513322498154,-0.002060875495009928
57.99066666666667,1.0640983704362366,-0.0009442929020574124
58.1906,1.0643591817320777,-0.0004061580858447799
58.39053333333334,1.0644683857961128,-0.0001640791951749893
58.59046666666667,1.0645113535857529,-6.228419876061855e-05
58.790400000000005,1.0645272470069016,-2.2224512246645006e-05
58.99033333333334,1.0645327755653018,-7.456848361580686e-06
59.19026666666667,1.0645345846287835,-2.353235906095938e-06
59.3902,1.0645351416246889,-6.986577909955421e-07
59.590133333333334,1.06453530302351,-1.9518238793006863e-07
59.79006666666667,1.0645353470465813,-5.131811988820766e-08
59.99,1.0645353583513861,-1.2700543495623168e-08
