dataset,component,harmonic,cos_coeff_T,sin_coeff_T,magnitude_T
slotless FEMM,Br_T,0,0.46882796663962956,0.0,0.46882796663962956
slotless FEMM,Br_T,1,-0.27403969135257084,-7.567361561703247e-05,0.2740397018008675
slotless FEMM,Br_T,2,-0.1705653279918016,-5.749168035307148e-05,0.1705653376810311
slotless FEMM,Br_T,3,-0.06102621862417112,2.640506740574296e-05,0.06102622433669573
slotless FEMM,Br_T,4,0.007964239705294916,6.995638083638908e-05,0.007964546941202355
slotless FEMM,Br_T,5,0.025420523631729825,2.5595435966288374e-05,0.025420536517502472
slotless FEMM,Br_T,6,0.011883185812086656,-4.815946932700658e-05,0.011883283400603701
slotless FEMM,Br_T,7,-0.004522734298068196,-6.798521769189936e-05,0.004523245242162648
slotless FEMM,Br_T,8,-0.009029418585808845,-2.6046965320695192e-05,0.009029456154284854
slotless FEMM,Br_T,9,-0.0037504603552668417,2.3235794715580677e-05,0.003750532332694167
slotless FEMM,Br_T,10,0.00233260379474492,3.818115190098201e-05,0.002332916257309483
slotless FEMM,Br_T,11,0.003889954664664979,3.568374654188346e-05,0.003890118330194609
slotless FEMM,Br_T,12,0.0018864369923035423,4.4138616986236695e-05,0.00188695329657114
slotless FEMM,Br_T,13,-0.0001921981106049836,6.632669903010367e-05,0.00020332079265130622
slotless FEMM,Br_T,14,-0.0005325204137464031,6.077306091414326e-05,0.0005359770106912372
slotless FEMM,Br_T,15,0.0002426281433090507,4.768629759751293e-06,0.00024267500026863673
slotless FEMM,Br_T,16,0.0007976224632910793,-8.101128644667207e-05,0.0008017259023371229
slotless FEMM,Br_T,17,0.000680717224235545,-0.00014799759021497677,0.0006966198576557988
slotless FEMM,Br_T,18,0.0002964916538922789,-0.00015972610967293643,0.0003367784597313638
slotless FEMM,Br_T,19,0.00010583998240499112,-0.00010198641249618777,0.00014698071373255538
slotless FEMM,Br_T,20,0.00011162379963319962,-2.07441735344472e-05,0.00011353498747161579
slotless FEMM,Br_T,21,5.9119330404399445e-05,5.191142533550888e-05,7.867586229478938e-05
slotless FEMM,Br_T,22,-0.00011556513912392742,9.288355733240227e-05,0.0001482654936371048
slotless FEMM,Br_T,23,-0.0002564514012271017,0.00010646017051395358,0.0002776708286752571
slotless FEMM,Br_T,24,-0.0002186247718523645,9.286701126867319e-05,0.00023753120352802977
slotless FEMM,Br_T,25,-6.82925629693248e-05,8.766810002594098e-05,0.00011112861881206653
slotless FEMM,Br_T,26,3.6426240297277614e-05,6.163868756235335e-05,7.159747751565291e-05
slotless FEMM,Br_T,27,-4.446822613065522e-06,2.4480531127126634e-05,2.488113011135722e-05
slotless FEMM,Br_T,28,-8.945711616309975e-05,-3.297919496184442e-05,9.534255572696626e-05
slotless FEMM,Br_T,29,-9.628024164981289e-05,-7.796799723238774e-05,0.0001238906514817643
slotless FEMM,Br_T,30,-1.8073104528647465e-05,-8.843682882206575e-05,9.026466528718078e-05
slotless FEMM,Br_T,31,5.181294026183386e-05,-7.12384981358693e-05,8.808804910560012e-05
slotless FEMM,Br_T,32,3.9527714338982595e-05,-3.0376867681724727e-05,4.9851723049632125e-05
slotless FEMM,Br_T,33,-2.60114601048243e-05,8.561356283816284e-06,2.7384172037936564e-05
slotless FEMM,Br_T,34,-5.2343181278501084e-05,2.4056770786825335e-05,5.7606743069226535e-05
slotless FEMM,Br_T,35,4.617116664676402e-06,2.996812621677262e-05,3.032171425298456e-05
slotless FEMM,Br_T,36,7.262594497551982e-05,2.9131934874687534e-05,7.82508626989522e-05
slotless FEMM,Br_T,37,8.258148416565105e-05,3.54318406535196e-05,8.986165399711982e-05
slotless FEMM,Br_T,38,2.899553425403952e-05,2.998249723334132e-05,4.1709604973249254e-05
slotless FEMM,Br_T,39,-2.102073302796681e-05,1.2892244231740676e-05,2.4659302065628406e-05
slotless FEMM,Br_T,40,-2.40716567814917e-05,-1.1018754266194879e-05,2.6473715375532828e-05
slotless FEMM,Br_T,41,-7.741944209688637e-06,-2.8896057866520914e-05,2.9915211187141177e-05
slotless FEMM,Br_T,42,-2.7685000153957464e-05,-3.344864334148926e-05,4.34197072181605e-05
slotless FEMM,Br_T,43,-7.116694011379882e-05,-2.305602406940772e-05,7.48085129584203e-05
slotless FEMM,Br_T,44,-6.631865936342566e-05,-8.382678078416269e-06,6.684634523688222e-05
slotless FEMM,Br_T,45,1.5239993207740311e-05,2.516559128673991e-06,1.5446373775746954e-05
slotless FEMM,Br_T,46,9.748535559613977e-05,5.808333735277502e-06,9.765823721779019e-05
slotless FEMM,Br_T,47,7.04245868985164e-05,4.171301507884257e-06,7.054801340999168e-05
slotless FEMM,Br_T,48,-5.987133690987562e-05,3.241858206667172e-06,5.995904125324195e-05
slotless FEMM,Br_T,49,-0.00014615026121082963,6.062977794261525e-06,0.00014627596710234885
slotless FEMM,Br_T,50,-5.8741246752801e-05,9.370690097077498e-06,5.948398022130765e-05
slotless FEMM,Br_T,51,0.00013880599610872427,9.387443702055833e-06,0.00013912307017527483
slotless FEMM,Br_T,52,0.00023196998464267886,6.339913845306385e-06,0.00023205660577257993
slotless FEMM,Br_T,53,9.662077389109774e-05,4.1679342502410155e-06,9.671062828473903e-05
slotless FEMM,Br_T,54,-0.00013784423049564883,5.080985738801164e-06,0.00013793784215006215
slotless FEMM,Br_T,55,-0.00022202698645188465,7.088241723919088e-06,0.00022214010417671563
slotless FEMM,Br_T,56,-7.584559666023202e-05,7.4211710521241486e-06,7.620779692742392e-05
slotless FEMM,Br_T,57,0.00012110908055994509,5.9439536772875395e-06,0.00012125485548790617
slotless FEMM,Br_T,58,0.00015456752631350887,3.897217585460472e-06,0.00015461665012405902
slotless FEMM,Br_T,59,3.286006885998535e-05,1.5713569949928776e-06,3.289761827684022e-05
slotless FEMM,Br_T,60,-6.8570171900483e-05,-1.2763535912304508e-06,6.858204978674547e-05
slotless FEMM,Bt_T,0,6.527569648294307e-05,0.0,6.527569648294307e-05
slotless FEMM,Bt_T,1,0.00012423928955815602,-0.024761637455747595,0.02476194913351839
slotless FEMM,Bt_T,2,9.922242850285532e-05,-0.03047384366851602,0.030474005201539752
slotless FEMM,Bt_T,3,5.9053948825373466e-05,-0.01615790983145689,0.016158017746319104
slotless FEMM,Bt_T,4,3.263635270280013e-05,0.002697413253515356,0.002697610682021785
slotless FEMM,Bt_T,5,3.908331817885321e-05,0.010653005977941957,0.010653077671350517
slotless FEMM,Bt_T,6,5.108566946005961e-05,0.005759496520111442,0.005759723075877866
slotless FEMM,Bt_T,7,2.474390717989257e-05,-0.002622192527542306,0.0026223092709368274
slotless FEMM,Bt_T,8,-3.826414783830709e-05,-0.005649578101573115,0.005649707680117996
slotless FEMM,Bt_T,9,-8.884107074149888e-05,-0.0025970807883813124,0.0025985998840201995
slotless FEMM,Bt_T,10,-9.40458488167425e-05,0.001542738119254185,0.0015456019947837805
slotless FEMM,Bt_T,11,-7.625515912700334e-05,0.002788866561782161,0.002789908878210924
slotless FEMM,Bt_T,12,-7.655484944829912e-05,0.0013771600941311312,0.0013792862537708834
slotless FEMM,Bt_T,13,-9.910620671719628e-05,-0.0002062411035664056,0.000228817466575785
slotless FEMM,Bt_T,14,-0.0001074256883365346,-0.00047024097817633125,0.0004823555287034773
slotless FEMM,Bt_T,15,-6.938382227285774e-05,0.00015150445663930407,0.00016663647612321343
slotless FEMM,Bt_T,16,8.134467296056634e-06,0.0005989913342733682,0.000599046565880133
slotless FEMM,Bt_T,17,8.547748371852913e-05,0.0004998317073151832,0.0005070878975685205
slotless FEMM,Bt_T,18,0.00012135603844889403,0.00020237334840996925,0.00023597088848981404
slotless FEMM,Bt_T,19,0.00010116344211912894,6.70107879253965e-05,0.00012134450016285376
slotless FEMM,Bt_T,20,4.506549925720198e-05,7.982584238975378e-05,9.166822970110573e-05
slotless FEMM,Bt_T,21,-1.2897936702262812e-05,5.809598989184775e-05,5.951051010274785e-05
slotless FEMM,Bt_T,22,-4.881738163549484e-05,-3.971013866535834e-05,6.292878405441771e-05
slotless FEMM,Bt_T,23,-6.0822959976516493e-05,-0.00010820899935716597,0.00012413146257973467
slotless FEMM,Bt_T,24,-5.827661416889384e-05,-8.384921562187314e-05,0.00010211197147932016
slotless FEMM,Bt_T,25,-5.121597960767053e-05,-2.5675194484888993e-05,5.7291292348926796e-05
slotless FEMM,Bt_T,26,-4.2134296598265276e-05,-1.4913256717664461e-05,4.469568408423293e-05
slotless FEMM,Bt_T,27,-3.2396150407622845e-05,-5.437984273100262e-05,6.32983242802043e-05
slotless FEMM,Bt_T,28,-2.1362172749941108e-05,-9.039449847299213e-05,9.288437855087421e-05
slotless FEMM,Bt_T,29,-1.0332503712792318e-05,-9.682380093013404e-05,9.737355421023253e-05
slotless FEMM,Bt_T,30,-1.8901853988015114e-06,-9.207828108327499e-05,9.209767992784856e-05
slotless FEMM,Bt_T,31,2.960041240913336e-06,-9.058361916577033e-05,9.063196955444157e-05
slotless FEMM,Bt_T,32,5.934708756433642e-06,-7.902117870488699e-05,7.924372184554039e-05
slotless FEMM,Bt_T,33,1.1057345458001265e-05,-4.934245875061123e-05,5.056622513232871e-05
slotless FEMM,Bt_T,34,1.9008819433754847e-05,-2.5735722937217658e-05,3.199472849339914e-05
slotless FEMM,Bt_T,35,2.500445991806562e-05,-3.5711357612367904e-05,4.359500061145288e-05
slotless FEMM,Bt_T,36,2.6425861542085135e-05,-6.79954681997325e-05,7.29500504039736e-05
slotless FEMM,Bt_T,37,2.306696173130042e-05,-8.076495057858498e-05,8.399441627557484e-05
slotless FEMM,Bt_T,38,1.691917316875597e-05,-5.9306494264367476e-05,6.167267371084056e-05
slotless FEMM,Bt_T,39,7.101855623007838e-06,-3.4673262978736686e-05,3.5393099876708735e-05
slotless FEMM,Bt_T,40,-5.301125790119652e-06,-3.6409315368532114e-05,3.6793208344039535e-05
slotless FEMM,Bt_T,41,-1.4860757233733842e-05,-4.589088364822985e-05,4.823707399475368e-05
slotless FEMM,Bt_T,42,-1.4838687606963136e-05,-2.5263190910110212e-05,2.929872804163547e-05
slotless FEMM,Bt_T,43,-4.177601078587335e-06,1.714296355845986e-05,1.7644646506476032e-05
slotless FEMM,Bt_T,44,1.2020413529181215e-05,2.312376382793931e-05,2.6061442688056185e-05
slotless FEMM,Bt_T,45,2.5376735453227526e-05,-3.438564401519655e-05,4.2735830594513046e-05
slotless FEMM,Bt_T,46,3.093875262061668e-05,-9.183447259933962e-05,9.6906020304822e-05
slotless FEMM,Bt_T,47,3.0017193347337754e-05,-6.170639109620467e-05,6.86200451658932e-05
slotless FEMM,Bt_T,48,2.7616961613879085e-05,4.631028225322063e-05,5.3919744168119274e-05
slotless FEMM,Bt_T,49,2.6765481781485704e-05,0.00011121385854343942,0.00011438930608721777
slotless FEMM,Bt_T,50,2.6595596051683425e-05,4.146645619593251e-05,4.926248794766164e-05
slotless FEMM,Bt_T,51,2.38490807366214e-05,-0.00010086523829736779,0.00010364639380493022
slotless FEMM,Bt_T,52,1.7870292135546202e-05,-0.0001604455392668376,0.0001614376610696404
slotless FEMM,Bt_T,53,1.0877561093607282e-05,-7.561122315362173e-05,7.638964852734918e-05
slotless FEMM,Bt_T,54,5.2211891789562185e-06,4.8366728481573056e-05,4.8647725953559836e-05
slotless FEMM,Bt_T,55,2.8395333016234547e-07,7.392383054054806e-05,7.392437589375629e-05
slotless FEMM,Bt_T,56,-5.8680070137810215e-06,-7.391478989231204e-06,9.437556249476323e-06
slotless FEMM,Bt_T,57,-1.3994125410484898e-05,-9.08251635114801e-05,9.189693070441186e-05
slotless FEMM,Bt_T,58,-2.1859981607004263e-05,-0.00010550770010672786,0.00010774847366747144
slotless FEMM,Bt_T,59,-2.714430729262137e-05,-7.468898771621925e-05,7.946859948728057e-05
slotless FEMM,Bt_T,60,-2.9620172767791926e-05,-4.185330286150133e-05,5.1274297608162294e-05
slotted FEMM,Br_T,0,0.45563330640738564,0.0,0.45563330640738564
slotted FEMM,Br_T,1,-0.26158865489474464,-0.00018650208751305988,0.26158872137894335
slotted FEMM,Br_T,2,-0.16586337043962768,-3.907938626173609e-05,0.16586337504341211
slotted FEMM,Br_T,3,-0.06441897626512309,-0.00015955866918016643,0.06441917386939545
slotted FEMM,Br_T,4,-0.0030594608409151933,-6.465590235108361e-05,0.003060143954588139
slotted FEMM,Br_T,5,0.007677228559710446,-0.00014926923086580588,0.007678679551935802
slotted FEMM,Br_T,6,0.06984438660931613,-6.526314017825084e-05,0.06984441710050335
slotted FEMM,Br_T,7,-0.02394072375062691,-0.00027036410739205016,0.023942250321437982
slotted FEMM,Br_T,8,-0.020424105724288006,-0.0001284980914335973,0.02042450994262521
slotted FEMM,Br_T,9,-0.004010887224743838,0.0004310268136038911,0.0040339807192968655
slotted FEMM,Br_T,10,0.010684748748995847,9.327357465082592e-05,0.01068515586170349
slotted FEMM,Br_T,11,0.016826244708799128,-9.496825699039361e-05,0.01682651270971577
slotted FEMM,Br_T,12,-0.03478317203561976,-0.0005252638218242481,0.03478713783774166
slotted FEMM,Br_T,13,0.009906009960465017,6.72837331756017e-05,0.00990623846056525
slotted FEMM,Br_T,14,0.005330611936591417,0.0002432605654995731,0.005336159604177715
slotted FEMM,Br_T,15,0.0005048594117521776,-5.753045973830446e-05,0.0005081267356009281
slotted FEMM,Br_T,16,-0.0025701510842875983,5.4711625971017444e-05,0.0025707333502487397
slotted FEMM,Br_T,17,-0.004813698377210782,-0.0002723063643571377,0.0048213942820341
slotted FEMM,Br_T,18,0.01619182425962606,0.000109774012572522,0.016192196367029746
slotted FEMM,Br_T,19,-0.004252187988775691,-0.00013686352572591623,0.004254390005225471
slotted FEMM,Br_T,20,-0.002419103631704148,-7.809202778024583e-07,0.002419103757750105
slotted FEMM,Br_T,21,-2.8436220375879468e-05,0.00016437636435363354,0.00016681788809172734
slotted FEMM,Br_T,22,0.0010675519862415074,-0.00021055594873324888,0.0010881181235854616
slotted FEMM,Br_T,23,0.0010962567593917872,0.000177252467286776,0.0011104941781348665
slotted FEMM,Br_T,24,-0.002664830646756292,0.00011758812657926619,0.0026674237277575495
slotted FEMM,Br_T,25,0.0002288207555003711,0.00039705324454663746,0.00045826871718760435
slotted FEMM,Br_T,26,0.00036086482668771223,0.00025403668968804806,0.00044131401841320905
slotted FEMM,Br_T,27,0.00022666661804948603,-0.00020644728062646327,0.00030659131660249817
slotted FEMM,Br_T,28,0.0005101590662366152,-0.00031409358962315037,0.0005990968668802826
slotted FEMM,Br_T,29,0.0005597192450822698,-0.00011186032384929095,0.0005707874958048172
slotted FEMM,Br_T,30,-0.002569548122361164,7.249366431080522e-05,0.0025705705367670795
slotted FEMM,Br_T,31,0.00039750084700879715,9.474012276290788e-05,0.0004086350624136921
slotted FEMM,Br_T,32,-4.743767625196921e-05,0.0001894202282381113,0.0001952699567111255
slotted FEMM,Br_T,33,0.00018405705247466898,0.00020213590752632773,0.00027337871840572224
slotted FEMM,Br_T,34,-1.5215019720403764e-05,8.013684038685857e-05,8.15684375986271e-05
slotted FEMM,Br_T,35,-0.0005907439642471331,-0.0004721482998690116,0.0007562423211931584
slotted FEMM,Br_T,36,0.0018686025830066462,-0.00018901849096381463,0.0018781383344006768
slotted FEMM,Br_T,37,-0.0009274276853115745,0.000109655431724052,0.000933887801177943
slotted FEMM,Br_T,38,-0.00020355124112767474,2.585103822388191e-05,0.00020518621771909871
slotted FEMM,Br_T,39,2.745457288855375e-05,-2.371884535627689e-05,3.628136157213354e-05
slotted FEMM,Br_T,40,0.00022369804252191005,9.76846535937599e-06,0.0002239112260330232
slotted FEMM,Br_T,41,0.000382996196585427,0.0001856940597778641,0.0004256387792902428
slotted FEMM,Br_T,42,-0.0006716321254606605,-4.001035722544801e-05,0.0006728228151869647
slotted FEMM,Br_T,43,0.00013084287097637129,-0.00029005514518454543,0.0003182009492967723
slotted FEMM,Br_T,44,-1.9337255870041957e-07,0.0001308840420960247,0.00013088418494356155
slotted FEMM,Br_T,45,8.792019951755234e-05,0.00031204044301147963,0.0003241900670255131
slotted FEMM,Br_T,46,0.00022168110447232862,-0.0001481116662760567,0.00026660753509070496
slotted FEMM,Br_T,47,0.00020915465793847478,-0.00031553220516119623,0.0003785581110361362
slotted FEMM,Br_T,48,-6.126176659175525e-05,-6.959317631979513e-05,9.271577123780395e-05
slotted FEMM,Br_T,49,-7.941949620285945e-05,0.0001674414112823205,0.00018532156536499257
slotted FEMM,Br_T,50,-6.44076373378464e-05,5.785362903961131e-06,6.466694805984024e-05
slotted FEMM,Br_T,51,-0.00013639816646038842,-0.0002389377602002295,0.0002751285391653476
slotted FEMM,Br_T,52,-3.480979783582649e-05,0.00010807307417147707,0.00011354079172810402
slotted FEMM,Br_T,53,-0.00020155158584520908,0.0001494356410459232,0.00025090646179707027
slotted FEMM,Br_T,54,0.0004993227879639019,-0.00011405328906735523,0.0005121829744604221
slotted FEMM,Br_T,55,0.0002293194215137422,1.5012763962198371e-05,0.0002298103134438967
slotted FEMM,Br_T,56,-7.175354702670543e-05,-0.00011680155325107135,0.0001370809044060349
slotted FEMM,Br_T,57,-0.00016297687116087353,0.0002839433629654016,0.0003273916521621921
slotted FEMM,Br_T,58,-0.0001200405477251707,-7.014607013402561e-05,0.00013903310488299765
slotted FEMM,Br_T,59,0.0002900872879639904,4.50971082123101e-05,0.00029357176943196683
slotted FEMM,Br_T,60,-0.0003238236482611665,0.0002093004886130309,0.0003855754786119381
slotted FEMM,Bt_T,0,-0.0001980601401806148,0.0,0.0001980601401806148
slotted FEMM,Bt_T,1,0.00025434174145471164,-0.028583155957654125,0.028584287540903038
slotted FEMM,Bt_T,2,1.0078121249039134e-06,-0.034247976761836656,0.03424797677666505
slotted FEMM,Bt_T,3,-6.060034776104136e-05,-0.017145750914841138,0.017145858008158252
slotted FEMM,Bt_T,4,-2.0191663232311926e-05,0.006160704989978833,0.006160738078900463
slotted FEMM,Bt_T,5,7.203019769975511e-05,0.018184555931437897,0.018184698589005368
slotted FEMM,Bt_T,6,0.0003249406398997668,-0.02493414517111535,0.02493626238700807
slotted FEMM,Bt_T,7,-0.00036697448041605,0.0076088746500304946,0.0076177190621047
slotted FEMM,Bt_T,8,0.0001644075113922943,0.00023877129030531075,0.00028989922193112277
slotted FEMM,Bt_T,9,1.0696185661552524e-05,-0.002140870443329156,0.0021408971632257546
slotted FEMM,Bt_T,10,-0.0003672268532763953,-0.0037862615267528557,0.003804028379328439
slotted FEMM,Bt_T,11,8.576652260122207e-05,-0.005845822428636334,0.00584645155316853
slotted FEMM,Bt_T,12,0.00023771210514534968,0.03184033033232371,0.03184121767012728
slotted FEMM,Bt_T,13,0.0005354250629822693,-0.00870024857060263,0.00871670839183821
slotted FEMM,Bt_T,14,-0.00023004553803027104,-0.00549568750004435,0.005500500163413446
slotted FEMM,Bt_T,15,-0.000605881170599132,-0.00023827546271881986,0.0006510508344364841
slotted FEMM,Bt_T,16,0.0005470570595891938,0.0036249209970969317,0.003665968311597986
slotted FEMM,Bt_T,17,8.624720769903659e-05,0.005375416039596481,0.0053761079025245575
slotted FEMM,Bt_T,18,0.00015458991292020228,-0.01515848944239342,0.015159277694413064
slotted FEMM,Bt_T,19,-0.00023184500350336462,0.003884920742244741,0.0038918326376108344
slotted FEMM,Bt_T,20,-0.00022590128248293863,0.002221107182032649,0.002232565453352813
slotted FEMM,Bt_T,21,0.00020006501298850838,0.00045010114624778456,0.0004925617233156283
slotted FEMM,Bt_T,22,-0.0004993268037911484,-0.0007314111133547915,0.0008856011933840083
slotted FEMM,Bt_T,23,0.00023799998382192955,-0.0011226841808967753,0.0011476339844807236
slotted FEMM,Bt_T,24,5.815020942586973e-05,0.002529440947111493,0.002530109276648058
slotted FEMM,Bt_T,25,8.831310148796967e-05,-0.0005842986915547961,0.0005909349920651773
slotted FEMM,Bt_T,26,6.571902787708665e-05,-0.00030800658944353927,0.0003149397557720369
slotted FEMM,Bt_T,27,-0.00036686837865922237,-0.0002399779040928646,0.0004383854487923278
slotted FEMM,Bt_T,28,7.747648600020572e-05,-0.00030876758380381957,0.00031833948339938736
slotted FEMM,Bt_T,29,-0.00021518777982520656,-0.0009190955947051813,0.0009439504715781292
slotted FEMM,Bt_T,30,0.00015241813779888334,0.001943806445470016,0.0019497730088861261
slotted FEMM,Bt_T,31,0.00011463143869117094,-0.000985196055662611,0.0009918425453818637
slotted FEMM,Bt_T,32,-0.00015383619327284968,-0.0004913434085904296,0.0005148630104464132
slotted FEMM,Bt_T,33,-0.000354481536419376,0.0005231122584613405,0.0006319047353951113
slotted FEMM,Bt_T,34,-0.00019867439177132304,0.00027457084785501186,0.0003389109978114095
slotted FEMM,Bt_T,35,0.0003056826346807208,0.0006485925889987231,0.0007170175867085922
slotted FEMM,Bt_T,36,0.00036822740469507806,-0.0023423018939821723,0.002371069291294741
slotted FEMM,Bt_T,37,0.0002948304410678121,0.0007058277593384875,0.0007649299411273103
slotted FEMM,Bt_T,38,8.604611719960332e-05,0.0006528224875902321,0.0006584687802687586
slotted FEMM,Bt_T,39,1.1071815655358103e-05,-0.0002848456402052002,0.00028506073711722664
slotted FEMM,Bt_T,40,-0.0004528261971562838,-8.955745564650209e-06,0.000452914749384076
slotted FEMM,Bt_T,41,-0.0002865498208240352,-0.0005232567358348059,0.0005965805992577889
slotted FEMM,Bt_T,42,7.379998632003742e-05,0.0004826623134457392,0.00048827179603334734
slotted FEMM,Bt_T,43,0.00026811977616134243,-8.345949436367649e-05,0.00028080901261934044
slotted FEMM,Bt_T,44,0.0002659544131178479,0.000298513073728072,0.0003998022074019105
slotted FEMM,Bt_T,45,-2.0320152764472234e-05,0.0004840760373496407,0.00048450234111354116
slotted FEMM,Bt_T,46,-0.00010758982595740887,-0.00037189560156327555,0.00038714584992177834
slotted FEMM,Bt_T,47,-0.00024261606856789767,-0.00045923204789951856,0.000519381007108778
slotted FEMM,Bt_T,48,-0.0002942571752404032,0.00011244200518161138,0.0003150087137044353
slotted FEMM,Bt_T,49,0.0002522830365204307,-4.8869925733660426e-05,0.00025697276150826265
slotted FEMM,Bt_T,50,0.00020593837324046956,-0.00024002892870853237,0.0003162665018459854
slotted FEMM,Bt_T,51,-0.0001594430974498372,4.243024142176487e-05,0.000164992201971813
slotted FEMM,Bt_T,52,-5.999911729142766e-05,1.4958572988245397e-05,6.183569342697759e-05
slotted FEMM,Bt_T,53,-3.0725002999999935e-05,7.30602293559276e-05,7.925795179596019e-05
slotted FEMM,Bt_T,54,0.00028916063303824195,-0.0005702490713270479,0.0006393730327816754
slotted FEMM,Bt_T,55,4.12605359843341e-05,6.483917866447398e-05,7.685408850281232e-05
slotted FEMM,Bt_T,56,-0.00010509424241336006,0.00035075634651271097,0.0003661622787882212
slotted FEMM,Bt_T,57,6.236145135579318e-05,-0.00010008851006888942,0.00011792650449755195
slotted FEMM,Bt_T,58,-0.00026344764317314255,1.284640191671625e-05,0.000263760669425313
slotted FEMM,Bt_T,59,1.954878035643188e-05,-0.00015726328386451722,0.00015847364217836272
slotted FEMM,Bt_T,60,0.0001708715601507365,0.0001589610923688676,0.0002333789171186001
Structure2 h7,Br_T,0,0.5041949613362714,0.0,0.5041949613362714
Structure2 h7,Br_T,1,-0.21468122228418646,7.067899292141149e-17,0.21468122228418646
Structure2 h7,Br_T,2,-0.13333535705134691,1.0601848938211722e-16,0.13333535705134691
Structure2 h7,Br_T,3,-0.05313129995763464,9.718361526694079e-17,0.05313129995763464
Structure2 h7,Br_T,4,-0.021923239644586725,6.184411880623505e-17,0.021923239644586725
Structure2 h7,Br_T,5,-0.014694393974555256,5.742668174864683e-17,0.014694393974555256
Structure2 h7,Br_T,6,-0.010198312240364464,7.067899292141149e-17,0.010198312240364464
Structure2 h7,Br_T,7,-0.007474004341433415,-1.5461029701558764e-17,0.007474004341433415
Structure2 h7,Br_T,8,-0.005711299760907841,6.6261555863823264e-18,0.005711299760907841
Structure2 h7,Br_T,9,-0.00450698630607976,2.6504622345529306e-17,0.00450698630607976
Structure2 h7,Br_T,10,-0.0036480378550330633,5.632232248424977e-17,0.0036480378550330633
Structure2 h7,Br_T,11,-0.0030139689345100424,-7.730514850779381e-17,0.0030139689345100424
Structure2 h7,Br_T,12,-0.002532578909433211,-5.5217963219852725e-17,0.002532578909433211
Structure2 h7,Br_T,13,-0.0021584825595476823,-4.969616689786745e-17,0.0021584825595476823
Structure2 h7,Br_T,14,-0.0018619918002734264,1.115402857041025e-16,0.0018619918002734264
Structure2 h7,Br_T,15,-0.0016230236881400663,-1.0601848938211722e-16,0.0016230236881400663
Structure2 h7,Br_T,16,-0.0014275980825914315,2.0982826023544036e-17,0.0014275980825914315
Structure2 h7,Br_T,17,-0.0012657395972261983,8.834874115176436e-18,0.0012657395972261983
Structure2 h7,Br_T,18,-0.0011301753983883225,8.393130409417614e-17,0.0011301753983883225
Structure2 h7,Br_T,19,-0.0010155016227219994,-1.1485336349729365e-16,0.0010155016227219994
Structure2 h7,Br_T,20,-0.000917635115080508,5.190488542666156e-17,0.000917635115080508
Structure2 h7,Br_T,21,-0.0008334440771950083,1.1043592643970545e-16,0.0008334440771950083
Structure2 h7,Br_T,22,-0.0007604938726072512,2.5400263081132252e-17,0.0007604938726072512
Structure2 h7,Br_T,23,-0.0006968687020854929,4.417437057588218e-18,0.0006968687020854929
Structure2 h7,Br_T,24,-0.0006410443252640121,-5.742668174864683e-17,0.0006410443252640121
Structure2 h7,Br_T,25,-0.0005917957832905076,-8.834874115176436e-17,0.0005917957832905076
Structure2 h7,Br_T,26,-0.0005481295370248586,-2.8602904947883713e-16,0.0005481295370248586
Structure2 h7,Br_T,27,-0.0005092329059703371,-2.9486392359401356e-16,0.0005092329059703371
Structure2 h7,Br_T,28,-0.00047443594379029596,3.6443855725102797e-17,0.00047443594379029596
Structure2 h7,Br_T,29,-0.00044318237267636847,-3.202641866751458e-17,0.00044318237267636847
Structure2 h7,Br_T,30,-0.0004150071970791271,4.417437057588218e-17,0.0004150071970791271
Structure2 h7,Br_T,31,-0.00038951929817800877,-1.562668359121832e-16,0.00038951929817800877
Structure2 h7,Br_T,32,-0.0003663877815040164,7.730514850779382e-18,0.0003663877815040164
Structure2 h7,Br_T,33,-0.0003453311803593423,-1.8994979347629337e-16,0.0003453311803593423
Structure2 h7,Br_T,34,-0.0003261088520749119,3.1363803108876345e-16,0.0003261088520749119
Structure2 h7,Br_T,35,-0.00030851407240665404,5.46657835876542e-17,0.00030851407240665404
Structure2 h7,Br_T,36,-0.00029236845549298024,-5.3561424323257144e-17,0.00029236845549298024
Structure2 h7,Br_T,37,-0.00027751741633520293,6.333500381317108e-16,0.00027751741633520293
Structure2 h7,Br_T,38,-0.00026382645894007165,4.599656336213732e-16,0.00026382645894007165
Structure2 h7,Br_T,39,-0.0002511781227786703,1.380449080496318e-16,0.0002511781227786703
Structure2 h7,Br_T,40,-0.00023946945741091236,-1.123685551524003e-16,0.00023946945741091236
Structure2 h7,Br_T,41,-0.0002286099233777852,-2.661505827196901e-16,0.0002286099233777852
Structure2 h7,Br_T,42,-0.00021851963905858345,1.1650990239388925e-16,0.00021851963905858345
Structure2 h7,Br_T,43,-0.0002091279098297496,6.554372234196518e-16,0.0002091279098297496
Structure2 h7,Br_T,44,-0.00020037198872769328,-1.5792337480877878e-16,0.00020037198872769328
Structure2 h7,Br_T,45,-0.00019219602790248848,-9.663143563474226e-17,0.00019219602790248848
Structure2 h7,Br_T,46,-0.0001845501879899452,-1.21479519083676e-16,0.0001845501879899452
Structure2 h7,Br_T,47,-0.00017738987882831157,-1.2037515981927895e-16,0.00017738987882831157
Structure2 h7,Br_T,48,-0.0001706751097907384,2.7829853462805773e-16,0.0001706751097907384
Structure2 h7,Br_T,49,-0.00016436993206599742,1.0491413011772018e-17,0.00016436993206599742
Structure2 h7,Br_T,50,-0.00015844195825891967,3.7769086842379263e-16,0.00015844195825891967
Structure2 h7,Br_T,51,-0.00015286194733680946,-8.09495340803041e-16,0.00015286194733680946
Structure2 h7,Br_T,52,-0.00014760344492841318,3.605732998256383e-16,0.00014760344492841318
Structure2 h7,Br_T,53,-0.00014264247071655602,-7.073421088463134e-16,0.00014264247071655602
Structure2 h7,Br_T,54,-0.00013795724599138486,3.1142931255996934e-16,0.00013795724599138486
Structure2 h7,Br_T,55,-0.00013352795558665685,-1.987846675914698e-16,0.00013352795558665685
Structure2 h7,Br_T,56,-0.00012933653932415394,1.4301452473941856e-15,0.00012933653932415394
Structure2 h7,Br_T,57,-0.00012536650884254865,2.286023677301903e-16,0.00012536650884254865
Structure2 h7,Br_T,58,-0.00012160278637257322,7.675296887559528e-17,0.00012160278637257322
Structure2 h7,Br_T,59,-0.00011803156247680376,-3.553275933197523e-16,0.00011803156247680376
Structure2 h7,Br_T,60,-0.00011464017025102401,-1.3252311172764653e-17,0.00011464017025102401
Structure2 h7,Bt_T,0,7.730514850779382e-18,0.0,7.730514850779382e-18
Structure2 h7,Bt_T,1,4.417437057588218e-18,-0.019507898061270637,0.019507898061270637
Structure2 h7,Bt_T,2,-1.2147951908367599e-17,-0.024100495321195816,0.024100495321195816
Structure2 h7,Bt_T,3,-7.454425034680118e-18,-0.014366389174100429,0.014366389174100429
Structure2 h7,Bt_T,4,-3.3130777931911632e-18,-0.007954436324070504,0.007954436324070504
Structure2 h7,Bt_T,5,-6.0049535001589836e-18,-0.006645080009172871,0.006645080009172871
Structure2 h7,Bt_T,6,-2.5797142191774944e-18,-0.005527789879268522,0.005527789879268522
Structure2 h7,Bt_T,7,-5.038639143811561e-18,-0.004721184694610255,0.004721184694610255
Structure2 h7,Bt_T,8,-5.262962119392213e-18,-0.004118298766875939,0.004118298766875939
Structure2 h7,Bt_T,9,-5.8496529786031475e-18,-0.0036514338511164143,0.0036514338511164143
Structure2 h7,Bt_T,10,1.7255613506203977e-18,-0.0032792766044386096,0.0032792766044386096
Structure2 h7,Bt_T,11,-7.394030387408404e-18,-0.002975593709022712,0.002975593709022712
Structure2 h7,Bt_T,12,-8.386228164015132e-18,-0.0027230011713388434,0.0027230011713388434
Structure2 h7,Bt_T,13,-9.361170327115657e-19,-0.0025095392618584844,0.0025095392618584844
Structure2 h7,Bt_T,14,-5.823769558343842e-18,-0.002326713421685583,0.002326713421685583
Structure2 h7,Bt_T,15,8.049743700644154e-18,-0.002168324475469823,0.002168324475469823
Structure2 h7,Bt_T,16,-6.3932048040485734e-18,-0.0020297421313705422,0.0020297421313705422
Structure2 h7,Bt_T,17,-1.0707108180599567e-17,-0.0019074378710091644,0.0019074378710091644
Structure2 h7,Bt_T,18,-8.403483777521337e-18,-0.0017986753664140378,0.0017986753664140378
Structure2 h7,Bt_T,19,-5.564935355750782e-18,-0.0017012997698388726,0.0017012997698388726
Structure2 h7,Bt_T,20,-9.356856423739106e-18,-0.0016135908986175873,0.0016135908986175873
Structure2 h7,Bt_T,21,-5.081778177577071e-18,-0.001534158792911343,0.001534158792911343
Structure2 h7,Bt_T,22,-1.3739782254314916e-17,-0.0014618680281929394,0.0014618680281929394
Structure2 h7,Bt_T,23,-1.2035790420577273e-17,-0.0013957819472906658,0.0013957819472906658
Structure2 h7,Bt_T,24,-1.6824223168548877e-18,-0.0013351209496387092,0.0013351209496387092
Structure2 h7,Bt_T,25,1.3204858235622593e-17,-0.0012792308682519227,0.0012792308682519227
Structure2 h7,Bt_T,26,-9.835699698536267e-18,-0.001227558696800186,0.001227558696800186
Structure2 h7,Bt_T,27,-7.251671575982222e-18,-0.0011796337468992786,0.0011796337468992786
Structure2 h7,Bt_T,28,2.6832479002147182e-18,-0.0011350528684933667,0.0011350528684933667
Structure2 h7,Bt_T,29,-2.343743704480155e-17,-0.0010934687460832583,0.0010934687460832583
Structure2 h7,Bt_T,30,1.2855432062121961e-18,-0.001054580548628912,0.001054580548628912
Structure2 h7,Bt_T,31,-2.1729131307687358e-17,-0.001018126398531252,0.001018126398531252
Structure2 h7,Bt_T,32,-4.7539215209591954e-18,-0.0009838772595677319,0.0009838772595677319
Structure2 h7,Bt_T,33,1.3683701510419753e-17,-0.0009516319412191206,0.0009516319412191206
Structure2 h7,Bt_T,34,-2.82129280826435e-18,-0.0009212129884077723,0.0009212129884077723
Structure2 h7,Bt_T,35,-5.666743475437386e-17,-0.0008924632787389467,0.0008924632787389467
Structure2 h7,Bt_T,36,-1.0232578809178958e-17,-0.0008652431890649883,0.0008652431890649883
Structure2 h7,Bt_T,37,-7.609725556235954e-18,-0.0008394282232135192,0.0008394282232135192
Structure2 h7,Bt_T,38,-1.154400543565046e-17,-0.0008149070155870785,0.0008149070155870785
Structure2 h7,Bt_T,39,-1.1431843947860135e-17,-0.0007915796429170676,0.0007915796429170676
Structure2 h7,Bt_T,40,-6.975581759882957e-18,-0.0007693561900496218,0.0007693561900496218
Structure2 h7,Bt_T,41,1.7773281911390096e-17,-0.0007481555262434415,0.0007481555262434415
Structure2 h7,Bt_T,42,2.2147579935212803e-17,-0.0007279042567795881,0.0007279042567795881
Structure2 h7,Bt_T,43,-8.433681101157193e-18,-0.0007085358212549606,0.0007085358212549606
Structure2 h7,Bt_T,44,3.3001360830615105e-18,-0.0006899897151536493,0.0006899897151536493
Structure2 h7,Bt_T,45,-6.9367566294939986e-18,-0.0006722108154646549,0.0006722108154646549
Structure2 h7,Bt_T,46,4.91547720241103e-17,-0.0006551487944700832,0.0006551487944700832
Structure2 h7,Bt_T,47,-1.697089588335161e-17,-0.0006387576085372061,0.0006387576085372061
Structure2 h7,Bt_T,48,-5.500226805102517e-18,-0.0006229950509487809,0.0006229950509487809
Structure2 h7,Bt_T,49,-1.5517110445453927e-17,-0.0006078223596019294,0.0006078223596019294
Structure2 h7,Bt_T,50,-1.287053072393989e-17,-0.000593203871874838,0.000593203871874838
Structure2 h7,Bt_T,51,-2.464964389361238e-17,-0.0005791067201746573,0.0005791067201746573
Structure2 h7,Bt_T,52,2.1189893385618482e-17,-0.000565500562676468,0.000565500562676468
Structure2 h7,Bt_T,53,-1.8843129948774743e-17,-0.000552357344597865,0.000552357344597865
Structure2 h7,Bt_T,54,-2.4114719874920056e-18,-0.0005396510860410769,0.0005396510860410769
Structure2 h7,Bt_T,55,5.661351096216697e-17,-0.000527357693016342,0.000527357693016342
Structure2 h7,Bt_T,56,-5.789905416837917e-17,-0.0005154547887422258,0.0005154547887422258
Structure2 h7,Bt_T,57,-3.477006121500101e-18,-0.0005039215627296684,0.0005039215627296684
Structure2 h7,Bt_T,58,3.8870426374412733e-17,-0.0004927386354976065,0.0004927386354976065
Structure2 h7,Bt_T,59,4.541461779664059e-18,-0.00048188793706478207,0.00048188793706478207
Structure2 h7,Bt_T,60,-3.061792921507068e-17,-0.0004713525976066027,0.0004713525976066027
S2 h7 + slotting,Br_T,0,0.5013328860435,0.0,0.5013328860435
S2 h7 + slotting,Br_T,1,-0.2152200592183585,-9.339153936755389e-05,0.21522007948129132
S2 h7 + slotting,Br_T,2,-0.134572036484757,-0.00011363024876365766,0.13457208445843516
S2 h7 + slotting,Br_T,3,-0.05674935957825221,-5.8073400175810686e-05,0.05674938929241066
S2 h7 + slotting,Br_T,4,-0.030869722839102224,-1.654719109563218e-05,0.030869727274022405
S2 h7 + slotting,Br_T,5,-0.028471547679247027,-1.826013829754897e-05,0.028471553534787794
S2 h7 + slotting,Br_T,6,0.0520936999964222,1.729793324771629e-05,0.052093702868348045
S2 h7 + slotting,Br_T,7,-0.019219847116642114,-5.374680376066529e-05,0.019219922265868057
S2 h7 + slotting,Br_T,8,-0.012056650740214222,-4.7586096487719576e-05,0.012056744648041903
S2 h7 + slotting,Br_T,9,-0.004842859997073283,-7.993689166648771e-06,0.004842866594313654
S2 h7 + slotting,Br_T,10,0.0012454869059535815,7.058790831222476e-05,0.0012474855853683122
S2 h7 + slotting,Br_T,11,0.005433483201170964,0.00017221032517488288,0.00543621155709598
S2 h7 + slotting,Br_T,12,-0.04333128824495997,-0.0010699302746814002,0.04334449551858328
S2 h7 + slotting,Br_T,13,0.0047814949114061275,0.0002482677055756154,0.004787935927039383
S2 h7 + slotting,Br_T,14,0.0017335953173908106,0.00018293962863785826,0.0017432210508726376
S2 h7 + slotting,Br_T,15,-0.001473595992305652,0.00010608527010997028,0.0014774096361786682
S2 h7 + slotting,Br_T,16,-0.0039346694828862015,0.00012716660699410958,0.003936723928025734
S2 h7 + slotting,Br_T,17,-0.005481723948949334,0.00019898302602558,0.005485334237503762
S2 h7 + slotting,Br_T,18,0.017696828331435356,-0.0008745843544521221,0.0177184263066827
S2 h7 + slotting,Br_T,19,-0.004396450861491312,0.00021628132308592702,0.004401767575443244
S2 h7 + slotting,Br_T,20,-0.0027928627064994624,0.00015491360317795833,0.0027971557557285006
S2 h7 + slotting,Br_T,21,-0.0013566525283179498,9.44027864351194e-05,0.0013599330750732554
S2 h7 + slotting,Br_T,22,-0.0006228785892616163,0.00011112939479061204,0.0006327143742219462
S2 h7 + slotting,Br_T,23,-0.0002621822426532902,0.00016182392054739505,0.00030810145995116344
S2 h7 + slotting,Br_T,24,-0.002993841779661123,-0.0006366190103297338,0.0030607796990240396
S2 h7 + slotting,Br_T,25,-0.00018265769984642305,0.00015680714767838476,0.00024073287452322905
S2 h7 + slotting,Br_T,26,-0.0002699848150738352,0.00010831843612770238,0.0002909032209783937
S2 h7 + slotting,Br_T,27,-0.00021154413814226632,5.6565541433479334e-05,0.00021897621528379953
S2 h7 + slotting,Br_T,28,0.00017268191419017175,3.717970536226528e-05,0.00017663910659649154
S2 h7 + slotting,Br_T,29,0.0005775152903908459,2.3840011675040616e-05,0.0005780071425094064
S2 h7 + slotting,Br_T,30,-0.004922546956062164,8.282947321100196e-05,0.0049232437738008965
S2 h7 + slotting,Br_T,31,0.00041325924175960715,-6.548595280742129e-06,0.0004133111237311142
S2 h7 + slotting,Br_T,32,8.575399058335805e-05,-1.856689600569652e-06,8.577408814580032e-05
S2 h7 + slotting,Br_T,33,-0.00025425970743931465,3.525896974164543e-05,0.0002566928003944952
S2 h7 + slotting,Br_T,34,-0.00045686729618378856,0.00010749676143925863,0.00046934345637519485
S2 h7 + slotting,Br_T,35,-0.0005593459561497713,0.00017663735880788978,0.0005865736570864132
S2 h7 + slotting,Br_T,36,0.0008183127166541029,-0.0007753564183307187,0.0011273035428332773
S2 h7 + slotting,Br_T,37,-0.00046955141806222174,0.00014806135785429045,0.0004923420557842886
S2 h7 + slotting,Br_T,38,-0.00037470122462983564,9.145381029842602e-05,0.0003857004111447109
S2 h7 + slotting,Br_T,39,-0.0002938592255746032,3.4602999605761045e-05,0.00029588952674439466
S2 h7 + slotting,Br_T,40,-0.0002595723338878681,1.2812923492812329e-05,0.0002598883751313774
S2 h7 + slotting,Br_T,41,-0.00024392862575773434,7.711341027565926e-06,0.00024405048503229866
S2 h7 + slotting,Br_T,42,-0.00023129010087028653,4.643140426186568e-06,0.00023133670161391297
S2 h7 + slotting,Br_T,43,-0.0002205142024087591,2.8258143789516677e-06,0.00022053230758978484
S2 h7 + slotting,Br_T,44,-0.0002109166662344956,1.6772965875380512e-06,0.00021092333540724263
S2 h7 + slotting,Br_T,45,-0.000202168508597275,9.122829008366866e-07,0.00020217056691946436
S2 h7 + slotting,Br_T,46,-0.00019409267957572334,3.816971006019297e-07,0.00019409305489264943
S2 h7 + slotting,Br_T,47,-0.00018658186513098324,2.0633039641182138e-09,0.00018658186514239168
S2 h7 + slotting,Br_T,48,-0.0001795637150192171,-2.7617265402197665e-07,0.00017956392739867726
S2 h7 + slotting,Br_T,49,-0.00017298498456090687,-4.838856963162345e-07,0.00017298566133903785
S2 h7 + slotting,Br_T,50,-0.0001668037763008083,-6.411052754113898e-07,0.00016680500833063814
S2 h7 + slotting,Br_T,51,-0.00016098549233224332,-7.612761931387524e-07,0.00016098729230252
S2 h7 + slotting,Br_T,52,-0.00015550058990760035,-8.536905819313664e-07,0.00015550293324957372
S2 h7 + slotting,Br_T,53,-0.00015032326043303164,-9.249345941445795e-07,0.00015032610595375808
S2 h7 + slotting,Br_T,54,-0.0001454306043613758,-9.797802142767847e-07,0.0001454339047615215
S2 h7 + slotting,Br_T,55,-0.0001408020847447888,-1.0217524539803908e-06,0.00014080579194960662
S2 h7 + slotting,Br_T,56,-0.00013641914447849913,-1.0535000698241845e-06,0.00013642321225745545
S2 h7 + slotting,Br_T,57,-0.0001322649240928888,-1.0770438718463939e-06,0.00013226930924745738
S2 h7 + slotting,Br_T,58,-0.00012832404422536648,-1.093946649548554e-06,0.00012832870702078264
S2 h7 + slotting,Br_T,59,-0.0001245824316052802,-1.1054317963328068e-06,0.00012458733580962658
S2 h7 + slotting,Br_T,60,-0.00012102717567726694,-1.1124675614208165e-06,0.00012103228840475276
S2 h7 + slotting,Bt_T,0,-0.002461233393460658,0.0,0.002461233393460658
S2 h7 + slotting,Bt_T,1,0.0010822047839215124,-0.01908273343654871,0.01911339537090982
S2 h7 + slotting,Bt_T,2,0.0006894494782538813,-0.023254402011018877,0.02326462020908881
S2 h7 + slotting,Bt_T,3,0.0003332343994191303,-0.012005476077324278,0.012010099958291845
S2 h7 + slotting,Bt_T,4,0.00028057265189669535,-0.002086219589602772,0.0021050019451379852
S2 h7 + slotting,Bt_T,5,0.00034844282253262266,0.0019227746576376927,0.0019540918055782966
S2 h7 + slotting,Bt_T,6,-0.0012522745565345693,-0.04301275537933902,0.043030980896184574
S2 h7 + slotting,Bt_T,7,0.00029681520966279946,0.001028003313005358,0.0010699953645867647
S2 h7 + slotting,Bt_T,8,0.00017299026844737315,-0.0018535551336881875,0.0018616101274432648
S2 h7 + slotting,Bt_T,9,1.1032840109758458e-05,-0.005057381147102163,0.005057393181336139
S2 h7 + slotting,Bt_T,10,-0.00017716006450876667,-0.008699543291288228,0.008701346974202027
S2 h7 + slotting,Bt_T,11,-0.0003549650462789577,-0.01139339554191733,0.011398923728083345
S2 h7 + slotting,Bt_T,12,0.0019361527937186056,0.033819335449956564,0.03387471236656207
S2 h7 + slotting,Bt_T,13,-0.00039843792366686594,-0.00904782936295596,0.00905659808980083
S2 h7 + slotting,Bt_T,14,-0.0002639464287316601,-0.005716153088568618,0.00572224377750483
S2 h7 + slotting,Bt_T,15,-0.00012704666039339756,-0.0023649001982987347,0.0023683103263361645
S2 h7 + slotting,Bt_T,16,-0.00012321317578494135,0.00039786525654396106,0.00041650720168059853
S2 h7 + slotting,Bt_T,17,-0.00018581834015670548,0.0023123819167736215,0.002319835896040977
S2 h7 + slotting,Bt_T,18,0.0008378785349899159,-0.021751367487393727,0.021767499351350528
S2 h7 + slotting,Bt_T,19,-0.0001971706957010774,0.0017175632561986607,0.0017288434927103704
S2 h7 + slotting,Bt_T,20,-0.00013478102388957407,0.0002373122718062351,0.0002729158089055274
S2 h7 + slotting,Bt_T,21,-6.303067767710059e-05,-0.00112569199994026,0.0011274552519093327
S2 h7 + slotting,Bt_T,22,-4.85162695513188e-05,-0.00178842877711919,0.001789086727701935
S2 h7 + slotting,Bt_T,23,-6.946547788054114e-05,-0.0020799224945141667,0.0020810821790124496
S2 h7 + slotting,Bt_T,24,0.0003185597264354739,0.001590559032255124,0.0016221462123973292
S2 h7 + slotting,Bt_T,25,-7.450431059184601e-05,-0.0019402046117966867,0.0019416345763129319
S2 h7 + slotting,Bt_T,26,-4.521335825373097e-05,-0.0016974641591585825,0.0016980661999440815
S2 h7 + slotting,Bt_T,27,1.3044305579756629e-05,-0.0015687752938715954,0.0015688295243811447
S2 h7 + slotting,Bt_T,28,9.419307179956095e-05,-0.0017382051312636352,0.0017407554145043665
S2 h7 + slotting,Bt_T,29,0.00017080247136775116,-0.0019233139022808376,0.001930883178996615
S2 h7 + slotting,Bt_T,30,-0.0008102777780331082,0.0018707848389534832,0.0020387216561444776
S2 h7 + slotting,Bt_T,31,0.0001654445175665908,-0.0015872454394148603,0.0015958445956095208
S2 h7 + slotting,Bt_T,32,0.00011120800738672786,-0.0012962328709821573,0.0013009945721337859
S2 h7 + slotting,Bt_T,33,6.296243695848797e-05,-0.0010183491291079435,0.001020293691650918
S2 h7 + slotting,Bt_T,34,6.953997861557158e-05,-0.0007912394442444988,0.0007942894099471537
S2 h7 + slotting,Bt_T,35,8.661228447083746e-05,-0.0006178571988097307,0.000623898393925056
S2 h7 + slotting,Bt_T,36,-0.000277363291896417,-0.0023892171361791824,0.0024052627547741785
S2 h7 + slotting,Bt_T,37,4.5046127960940924e-05,-0.0006257286915283774,0.0006273480286460529
S2 h7 + slotting,Bt_T,38,1.9849272351916585e-05,-0.0007070183560897251,0.0007072969316070288
S2 h7 + slotting,Bt_T,39,4.616606618934065e-06,-0.0007828107550201851,0.0007828243680621767
S2 h7 + slotting,Bt_T,40,4.1370909276660913e-07,-0.0007958590993670617,0.0007958592068956443
S2 h7 + slotting,Bt_T,41,-8.841501484229327e-07,-0.0007816596031249303,0.000781660103164354
S2 h7 + slotting,Bt_T,42,-1.475505393445301e-06,-0.0007649530400384678,0.0007649544630762409
S2 h7 + slotting,Bt_T,43,-1.7489806339735558e-06,-0.0007471315128282353,0.0007471335599437798
S2 h7 + slotting,Bt_T,44,-1.8679706540155924e-06,-0.0007291244925163566,0.0007291268853235346
S2 h7 + slotting,Bt_T,45,-1.906013241815136e-06,-0.0007113452840144875,0.0007113478375423165
S2 h7 + slotting,Bt_T,46,-1.8996209442366321e-06,-0.0006939797637361831,0.0006939823636340194
S2 h7 + slotting,Bt_T,47,-1.8683088216889991e-06,-0.000677109170819546,0.000677111748373772
S2 h7 + slotting,Bt_T,48,-1.8230873789082249e-06,-0.0006607637501580149,0.0006607662651577142
S2 h7 + slotting,Bt_T,49,-1.7704173907486018e-06,-0.0006449478338892835,0.0006449502638314184
S2 h7 + slotting,Bt_T,50,-1.7141945201780885e-06,-0.0006296523032436451,0.0006296546366405001
S2 h7 + slotting,Bt_T,51,-1.6568070904890055e-06,-0.000614861092618478,0.0006148633248338395
S2 h7 + slotting,Bt_T,52,-1.5997282335735651e-06,-0.0006005547157074722,0.0006005568463425458
S2 h7 + slotting,Bt_T,53,-1.54386104265375e-06,-0.0005867122300429004,0.0005867142612795707
S2 h7 + slotting,Bt_T,54,-1.4897465946224281e-06,-0.0005733123493742646,0.0005733142849170558
S2 h7 + slotting,Bt_T,55,-1.4376928525862916e-06,-0.0005603340755456445,0.0005603359199429663
S2 h7 + slotting,Bt_T,56,-1.3878563978881384e-06,-0.0005477570522245198,0.0005477588104330925
S2 h7 + slotting,Bt_T,57,-1.3402952419462058e-06,-0.000535561754361039,0.0005355634314678416
S2 h7 + slotting,Bt_T,58,-1.2950034764261433e-06,-0.0005237295792957017,0.0005237311803427945
S2 h7 + slotting,Bt_T,59,-1.2519342788022847e-06,-0.0005122428786040762,0.0005122444084809798
S2 h7 + slotting,Bt_T,60,-1.2110153211922948e-06,-0.0005010849543162616,0.0005010864176968262
