angle_deg,x_mm,y_mm,Bx_T,By_T,Br_T,Bt_T
0.01,39.399999399903685,0.00687659721794547,6.717107331231975e-05,-0.002571079864596362,6.672233420183467e-05,-0.002571091549000431
0.20993333333333336,39.39973552582039,0.1443623753145917,0.0002428791652539475,-0.002681181486470661,0.0002330536331903844,-0.00268205340296651
0.40986666666666677,39.39899189838874,0.28184639557372937,0.000492518641768002,-0.003004517293444961,0.00047101334028493754,-0.0030079636321558904
0.6098000000000001,39.39776852666357,0.41932698391257134,0.0007367690310921458,-0.003676508135115458,0.0006975989004303188,-0.0036841412088660518
0.8097333333333334,39.39606542554134,0.5568024662901193,0.001403439406091423,-0.004387018198865243,0.0013413017286896644,-0.004406413566196346
1.0096666666666667,39.39388261575994,0.6942711687275481,0.001952112130544398,-0.005697841528536366,0.0018514068280767963,-0.005731355215957465
1.2096000000000002,39.39122012389853,0.8317314173285891,0.003316414238806421,-0.007113489355051726,0.0031655099167367034,-0.007181913475866566
1.4095333333333337,39.388077982377084,0.969181538299912,0.005003287382239834,-0.008531196383976848,0.004791918668653416,-0.00865168838113526
1.609466666666667,39.3844562294561,1.1066198579715065,0.006494052763935465,-0.0107671664253552,0.006189075549558695,-0.01094531580055728
1.8094000000000001,39.38035490923606,1.2440447028170614,0.00862893973330338,-0.01408387179930923,0.008179942717787072,-0.01434930600809955
2.0093333333333336,39.37577407165696,1.3814543994743425,0.01300510862180929,-0.01709778784755855,0.012397624482904365,-0.017543263856137758
2.209266666666667,39.370713772497666,1.5188472747655688,0.01736614348796831,-0.0193841884341023,0.01660598585838188,-0.02003923487972309
2.4092000000000007,39.3651740733752,1.6562216557177853,0.02171366726711955,-0.02118249690200993,0.0208040452195489,-0.022076531061147354
2.609133333333334,39.35915504174408,1.793575869583235,0.02795145817943814,-0.02289869230084321,0.02688008208557177,-0.02414736653381687
2.8090666666666677,39.35265675089541,1.9309082438597258,0.03473625641054329,-0.02460233374388852,0.03348881031195274,-0.026275119770511675
3.009000000000001,39.345679279956045,2.068217106310998,0.04190186930815283,-0.02569794018148364,0.04049514191748512,-0.02786205775192082
3.2089333333333343,39.33822271388759,2.2055007849870836,0.04999969104499842,-0.02617074408247465,0.048456329577059004,-0.02892855119678678
3.4088666666666674,39.330287143485386,2.3427576082446677,0.05768338700663656,-0.02682506795580369,0.05598628280037235,-0.03020750809960373
3.6088000000000005,39.321872665377406,2.479985904767442,0.06528658070756752,-0.02746752762446732,0.06342821147191284,-0.031522447299676896
3.8087333333333344,39.31297938202307,2.617184003586455,0.07288556226498166,-0.02811897382250741,0.07085675325088453,-0.03289836461371053
4.0086666666666675,39.303607401712,2.7543502341004595,0.08048023914940117,-0.02877939861754746,0.07827145126407217,-0.034335151016829255
4.2086000000000015,39.29375683856271,2.891482926096256,0.0880705188837693,-0.02944879396788425,0.08567184945971097,-0.03583269418801606
4.4085333333333345,39.28342781252119,3.028580409769026,0.0956563090445682,-0.03012715172258307,0.09305749263084666,-0.037390878516095336
4.608466666666667,39.272620449359465,3.1656410157426706,0.1045525689793165,-0.030510302282134,0.1017631648279985,-0.03881206654780872
4.808400000000001,39.26133488067409,3.302663075090135,0.1145556558066208,-0.03063553471946313,0.11158449532475545,-0.040130221379305116
5.008333333333334,39.24957124388449,3.4396449193537237,0.1245534151078982,-0.03077179361424364,0.12139147452746027,-0.04152789916823357
5.208266666666668,39.23732968223132,3.5765848805654312,0.134545725144807,-0.03091907730731069,0.1311835094016069,-0.04300498061103999
5.408200000000001,39.224610344774725,3.7134812912672355,0.1445324642453576,-0.03107738400525507,0.1409600078200303,-0.04456134213444037
5.608133333333335,39.211413386392515,3.850332484531418,0.1554197295700556,-0.03119971696802837,0.15162685230514203,-0.04623864550945377
5.808066666666668,39.197738967778285,3.987136793980845,0.1670676094369797,-0.03121994916886243,0.1630506176813218,-0.04796631550195379
6.008000000000001,39.18358725543944,4.123892553809274,0.1787096538736982,-0.031254525182629,0.1744567261998971,-0.04978791435341243
6.207933333333335,39.16895842169521,4.2605980988016245,0.19034572112013,-0.03130344458831119,0.1858444730914483,-0.05170329789479318
6.407866666666668,39.15385264467449,4.397251764354262,0.2019756694889718,-0.03136670679023868,0.1972131546752619,-0.05371231686880027
6.607800000000002,39.13827010831372,4.533851886495268,0.2149260420361885,-0.03145867509919477,0.20987828713395962,-0.055981750366109195
6.807733333333334,39.12221100235464,4.670396801904693,0.2289926368539841,-0.03156163829843786,0.22363687518820408,-0.058483440403909986
7.007666666666668,39.105675522341954,4.80688484793482,0.2430513465461475,-0.03168259465960505,0.23737036825100036,-0.061098708158559153
7.207599999999999,39.08866386962097,4.943314362630404,0.2571101608534029,-0.03182027634181546,0.2510861681725757,-0.06382711769260196
7.407533333333334,39.071176251335146,5.079683684748914,0.2711689085877085,-0.03197468166857876,0.264783425190752,-0.06666854578217077
7.607466666666668,39.05321288042356,5.215991153780749,0.2873295572911858,-0.0315154220621206,0.2806283808387525,-0.06927631766139486
7.807400000000001,39.03477397561833,5.352235109969476,0.3053351654587835,-0.03057673562719231,0.29835114955633313,-0.0717711055075261
8.007333333333333,39.015859761441924,5.488413894332021,0.3233431138429931,-0.02965856394521947,0.3160591652305404,-0.07441104594580976
8.207266666666667,38.996470468204464,5.624525848678889,0.3413531831689139,-0.02876091819637727,0.33375134007225576,-0.07719604313060524
8.407200000000001,38.97660633200089,5.7605693156343385,0.3593529896492727,-0.02788594959595975,0.3514142402590732,-0.08012633211296465
8.607133333333334,38.95626759470811,5.896542638656566,0.3785532356365007,-0.02487065754359684,0.37056777293504745,-0.08124424582377504
8.807066666666667,38.935454503982015,6.032444162057887,0.3987184119353599,-0.02000398236308211,0.3909545604361696,-0.080814992425906
9.007000000000001,38.91416731325453,6.168272231024884,0.4188930110225174,-0.01515914378262359,0.41135449217367376,-0.08055207068891602
9.206933333333332,38.89240628173045,6.304025191638567,0.4390767872407119,-0.01033620079570305,0.43176632304671936,-0.08045560529404071
9.406866666666668,38.870171674384345,6.439701390894505,0.4592694948209222,-0.005535212129187535,0.4521888069860354,-0.08052571193678588
9.606800000000002,38.84746376195731,6.575299176722955,0.477698755044951,0.001389015647451402,0.47123142815187813,-0.0783515861862814
9.806733333333336,38.82428282095365,6.71081689800898,0.494106347197414,0.01000577617974973,0.4885906471849107,-0.07429924213046026
10.006666666666666,38.800629133637564,6.846252904612558,0.510543925742803,0.01860733062837378,0.5060105586431342,-0.07038925633681363
10.206600000000002,38.77650298802964,6.9816055473886705,0.5270112905279065,0.02719357425595675,0.5234900936740974,-0.06662216335265943
10.406533333333336,38.75190467790341,7.116873178207378,0.5435082410368214,0.03576440251156485,0.5410281793219042,-0.06299848999439833
10.606466666666668,38.72683450278174,7.252054149973897,0.5563496673800888,0.0450914980052621,0.5551438446584763,-0.058081901863656665
10.8064,38.70129276793318,7.387146816648658,0.5659284155993385,0.05502685331872659,0.5662094604600555,-0.05205548054211975
11.006333333333334,38.675279784368286,7.522149533267339,0.5755474269777636,0.06495696261834594,0.5773622780096532,-0.04611992654839393
11.20626666666667,38.64879586883575,7.657060655960905,0.5852065843888661,0.0748817049895219,0.588601613661686,-0.04027600463154417
11.4062,38.62184134381865,7.7918785419756125,0.5949057702173142,0.08480095958300704,0.5999267778976934,-0.03452447458465201
11.606133333333334,38.59441653753045,7.926601549693027,0.6003817428841827,0.0932867718232152,0.6068738613324978,-0.029407064070214123
11.806066666666668,38.566521783911014,8.061228038650004,0.6023277862190988,0.1003500380913169,0.6101175692643425,-0.025008875854373377
12.006000000000002,38.53815742262256,8.195756369558664,0.6043048361649164,0.1074144040926342,0.6134298780177726,-0.02063913694859361
12.205933333333334,38.50932379904552,8.330184904326359,0.6063128686479616,0.1144797838074716,0.6168105672389861,-0.01629845793460427
12.405866666666668,38.48002126427429,8.46451200607561,0.6083518592173071,0.1215460912037914,0.6202594118560617,-0.01198744777035532
12.605800000000002,38.45025017511305,8.598736039164045,0.6092633031071959,0.1268328500623234,0.6222570717200052,-0.009191358031701402
12.805733333333334,38.420010894071325,8.732855369204318,0.6092589390625197,0.1305297413774103,0.6230363560639827,-0.00775675409917348
13.005666666666668,38.38930378935961,8.866868363084,0.6092691691554782,0.1342286438771041,0.6238478918785265,-0.006329069379575392
13.205600000000002,38.35812923488489,9.000773388985476,0.6092939932615046,0.1379295125214868,0.6246916249092136,-0.004908606447029978
13.405533333333334,38.32648761024608,9.134568816405805,0.6093334110783283,0.1416323022466998,0.62556749852033,-0.003495667471104247
13.605466666666667,38.29437930072942,9.268253016176585,0.6090570965820921,0.1447299948279588,0.6260116163302304,-0.0026027907179255183
13.805400000000002,38.261804697303724,9.401824360483783,0.608617749836364,0.1472810935473451,0.6261808236726786,-0.0022049936477288035
14.005333333333335,38.22876419661572,9.535281222887548,0.6081877750260807,0.149834210246509,0.62637000939711,-0.0018087507384773605
14.205266666666668,38.19525820098512,9.668621978342038,0.6077671773868554,0.1523893138372647,0.6265791607971144,-0.0014142614190906788
14.405199999999999,38.161287118399784,9.80184500321519,0.6073559620401133,0.1549463732072313,0.6268082635652868,-0.0010217250197958605
14.605133333333335,38.12685136251073,9.934948675308492,0.6068608446120217,0.1573306901285913,0.6269229835464135,-0.000776840278699592
14.80506666666667,38.091951352627085,10.067931373876743,0.6062993657194321,0.1595586200425143,0.6269429233708572,-0.0006670358765603068
15.005000000000003,38.056587513711015,10.200791479647776,0.6057458816054788,0.1617886233970647,0.6269795219655244,-0.0005574751999916916
15.204933333333337,38.02076027637253,10.333527374842195,0.6051999257452381,0.1640205506506586,0.6270322879752138,-0.00044832394044597157
15.404866666666669,37.984470076864206,10.46613744319305,0.6046615047865881,0.1662543746260975,0.6271012175270732,-0.00033974866932973136
15.604800000000004,37.94771735707595,10.598620069965538,0.6040926088304572,0.1684338924775189,0.6271345789510528,-0.0002757944918608257
15.804733333333333,37.91050256452956,10.730973641976648,0.60349352417766,0.170567757019288,0.6271345406284066,-0.00024780992762166165
16.00466666666667,37.87282615237328,10.863196547614825,0.6029017376942738,0.1727037176573586,0.6271499271084937,-0.00021985281131250978
16.204600000000003,37.8346885793763,10.99528717685957,0.602317256586226,0.1748417483830728,0.6271807376370624,-0.0001920839339222824
16.404533333333333,37.79609030992317,11.127243921301057,0.6017404058026664,0.1769819143301974,0.6272273007933581,-0.00016466638126205746
16.60446666666667,37.75703181400815,11.259065174159723,0.601121879362434,0.1791008585069461,0.6272356893873466,-0.0001460305784793392
16.804400000000005,37.717513567229446,11.39074933030582,0.6004667593813088,0.1811992597138641,0.6272108753774727,-0.00013656854477026026
17.004333333333335,37.67753605078347,11.52229478627897,0.5998190879199509,0.1832999570526807,0.6272015596072404,-0.0001269444033303868
17.20426666666667,37.63709975145896,11.653699940307686,0.5991786357411027,0.1854028531811414,0.6272074949589067,-0.00011731858340124912
17.4042,37.596205161631055,11.784963192328876,0.598545410643268,0.1875079224931989,0.6272286807601375,-0.00010785050463868462
17.604133333333337,37.55485277925527,11.91608294400733,0.5978880406797455,0.1896006723957043,0.6272308295612185,-0.00010299861171048086
17.80406666666667,37.5130431078615,12.047057598755176,0.5972078765332716,0.1916854379482595,0.6272165058008208,-9.882208437114737e-05
18.004,37.47077665654781,12.177885561751317,0.5965348707721524,0.1937725542525207,0.6272173832802381,-9.455043889303183e-05
18.20393333333334,37.42805393997431,12.308565239960872,0.595869031591279,0.195861995894584,0.6272334621841646,-9.034270761537622e-05
18.403866666666666,37.38487547835683,12.439095042154543,0.5952106269254724,0.1979538223900492,0.6272650147632257,-8.635933780679061e-05
18.6038,37.34124179746061,12.569473378928025,0.5945140779355577,0.2000330546453424,0.6272640632349312,-8.239124397338426e-05
18.803733333333337,37.29715342859391,12.699698662721325,0.5937832907537265,0.2020994523678844,0.6272342295317324,-7.955788658822738e-05
19.003666666666668,37.2526109086015,12.829769307838111,0.5930598393186624,0.2041684035252664,0.6272198212394574,-7.65184732204327e-05
19.2036,37.20761477985816,12.959683730465034,0.5923435087900448,0.2062398064310722,0.6272206029540239,-7.343309017934785e-05
19.403533333333336,37.1621655902621,13.089440348690976,0.5916343078903277,0.2083136358627376,0.6272365743437742,-7.04606783984707e-05
19.60346666666667,37.11626389322821,13.21903758252635,0.5909017001345539,0.2103768498421532,0.6272345919215288,-6.977426116699936e-05
19.803400000000003,37.06991024768137,13.348473853922316,0.5901466032403525,0.2124334741387366,0.6272168601607285,-6.768232002044017e-05
20.003333333333334,37.02310521804966,13.477747586790006,0.589398571428535,0.2144926995481267,0.6272143093676561,-6.54667475789017e-05
20.203266666666668,36.97584937425746,13.606857207019713,0.5886576138075676,0.21655450099604,0.6272269399428672,-6.328641516414879e-05
20.403200000000005,36.928143291718506,13.735801142500055,0.5879239902032288,0.2186189452707834,0.6272550180986376,-6.130149981842248e-05
20.603133333333336,36.879987551328895,13.86457782313712,0.5871532839640612,0.2206701068677546,0.6272513622645793,-5.8923994848969485e-05
20.80306666666667,36.83138273946003,13.993185680873593,0.5863487874533353,0.2227076255353845,0.6272189280755125,-5.730105328718982e-05
21.003000000000004,36.78232944795144,14.121623149707828,0.5855515291796709,0.2247479538347896,0.6272019076842954,-5.5450484930164023e-05
21.202933333333334,36.73282827410361,14.249888665712943,0.5847612982746142,0.2267909827401515,0.6272000661243164,-5.353231781293766e-05
21.402866666666668,36.68287982067068,14.377980667055848,0.5839781043604452,0.2288366873743946,0.6272134032268892,-5.1705405154783834e-05
21.602800000000002,36.63248469585312,14.505897594016256,0.5831726324374841,0.2308716523097055,0.6272097228064069,-5.1782127650196186e-05
21.802733333333336,36.58164351329033,14.6336378890057,0.5823452666055985,0.2328997314451963,0.627190793884104,-5.012202572554636e-05
22.00266666666667,36.530356892053156,14.761199996586463,0.5815248698076019,0.2349306581196594,0.627187042271838,-4.832792443737466e-05
22.202600000000004,36.47862545663635,14.888582363490558,0.5807114520331067,0.2369644076033887,0.6271984684495926,-4.655866749689319e-05
22.402533333333338,36.42644983695098,15.015783438638607,0.5799052647558408,0.2390010533817819,0.6272253323857806,-4.4974327669283776e-05
22.60246666666667,36.37383066831676,15.142801673158749,0.5790630655458032,0.2410233682200944,0.6272210902536309,-4.299429102411212e-05
22.802400000000002,36.32076859145426,15.269635520405497,0.5781875672382691,0.2430308655106866,0.6271880601186282,-4.1766176746838024e-05
23.002333333333336,36.26726425247722,15.396283435978562,0.5773192049423483,0.2450414243378752,0.627170441277564,-4.0305153834213625e-05
23.20226666666667,36.21331830288456,15.522743877741659,0.5764577701010432,0.2470549276911692,0.6271679970336074,-3.877123949586059e-05
23.402200000000004,36.158931399552515,15.649015305841303,0.5756032732036649,0.2490713510530176,0.627180727258996,-3.732325219746313e-05
23.602133333333335,36.10410420472662,15.775096182725527,0.5747272224799467,0.2510764272101994,0.6271768101057126,-3.775944427295008e-05
23.802066666666672,36.04883738601365,15.900984973162645,0.5738294784277084,0.2530738441555389,0.6271575875167315,-3.644819848641623e-05
24.002000000000002,35.99313161637349,16.026680144259906,0.5729385983885866,0.2550743500154996,0.6271535380864052,-3.500016765650704e-05
24.201933333333336,35.93698757411094,16.152180165482182,0.5720545932104479,0.2570779204308009,0.6271646623168209,-3.3574160578753176e-05
24.40186666666667,35.88040594286743,16.277483508670606,0.571177708302095,0.2590846361356068,0.6271912165340903,-3.233018532869392e-05
24.6018,35.82338741161275,16.402588648061165,0.5702656046158686,0.2610759807762402,0.6271869949297877,-3.061242228344363e-05
24.80173333333334,35.765932674636616,16.527494060303294,0.5693204476874512,0.2630512998172583,0.6271536953697502,-2.957457674745978e-05
25.001666666666672,35.708042431540235,16.652198224478408,0.5683823176210583,0.2650299292001092,0.6271358079037976,-2.8301086515358786e-05
25.201600000000003,35.64971738722778,16.776699622118443,0.5674510062825633,0.267011742929388,0.6271330916694429,-2.695198394950249e-05
25.401533333333337,35.59095825189781,16.90099673722433,0.5665265250121228,0.2689967168734089,0.6271455465609325,-2.568605689975967e-05
25.60146666666667,35.531765741034604,17.025088056284453,0.5655800129917079,0.2709692088407654,0.6271403850377776,-2.6270875501860358e-05
25.801400000000005,35.47214057539949,17.148972068293094,0.5646106744492464,0.2729327332968957,0.6271184018849275,-2.4984833876889878e-05
26.00133333333334,35.41208348102204,17.27264726476882,0.5636480719127681,0.2748995841766787,0.6271115768326766,-2.353563079957044e-05
26.20126666666667,35.351595189191215,17.396112139772853,0.5626922171034595,0.2768697375306294,0.6271199105924442,-2.2081918496535957e-05
26.401200000000006,35.29067643644649,17.519365189927406,0.5617433778830967,0.2788432955860668,0.6271436882061938,-2.0783227336812482e-05
26.60113333333334,35.22932796456889,17.642404914433982,0.5607671193699717,0.2808037455840934,0.6271447243937961,-1.9120197065625177e-05
26.801066666666667,35.16755052057191,17.765229815091676,0.559764535346272,0.2827499651143483,0.6271234945908638,-1.832309430815915e-05
27.001000000000005,35.105344856692476,17.887838396315384,0.5587688317629423,0.2846997320800198,0.627117648049009,-1.7367720720806723e-05
27.200933333333335,35.042711730381754,18.010229165154037,0.5577800207442384,0.2866530227396527,0.6271271854398973,-1.64150974590882e-05
27.40086666666667,34.97965190429592,18.13240063130877,0.5567981143304844,0.2886098133088833,0.6271521061241778,-1.5626245914723835e-05
27.600800000000007,34.916166146286905,18.25435130715107,0.5557826748360034,0.2905524453855112,0.627148391548746,-1.204922827546806e-05
27.800733333333337,34.85225522939302,18.37607970774089,0.5547369594903715,0.2924755855184625,0.6271164662282066,-1.1594659118707717e-05
28.00066666666667,34.787919931829556,18.49758435084473,0.553698077121103,0.2944023909816821,0.6270999348622068,-1.0915767466979087e-05
28.2006,34.72316103697928,18.61886375695369,0.5526660403781987,0.296332838313294,0.6270987985530074,-1.0173695408621786e-05
28.400533333333335,34.65797933338294,18.739916449301493,0.5516408618283243,0.2982669040070886,0.6271130570908703,-9.529588164358671e-06
28.600466666666673,34.59237561472964,18.860740953882438,0.5505955186346164,0.3001909821517204,0.6271124706459561,-8.127832211601849e-06
28.8004,34.52635067984716,18.981335799469367,0.5495310118812032,0.3021039323331261,0.6270973759293634,-7.26800114159154e-06
29.000333333333334,34.45990533269226,19.101699517631598,0.5484732700452408,0.3040206594487383,0.627097671249065,-6.3059408834664765e-06
29.20026666666667,34.39304038234088,19.221830642752774,0.5474223060063746,0.3059411401594012,0.6271133568392413,-5.40274106652916e-06
29.400200000000005,34.32575664297827,19.34172771204872,0.5463781325617403,0.3078653510802644,0.6271444316225374,-4.719488340576561e-06
29.60013333333334,34.25805493388909,19.461389265585257,0.5452972051479872,0.3097725067584782,0.6271427651537772,-9.548548274840307e-07
29.80006666666667,34.18993607944747,19.580813846295978,0.5441825797807512,0.3116570606755056,0.6271082869853694,-7.131675083815736e-08
30.000000000000004,34.12140090910688,19.7,0.5430746725613016,0.3135455149392898,0.6270892200596478,1.0448994474665518e-06
30.199933333333334,34.052450257390134,19.818946275419652,0.5419741218132748,0.3154382023306963,0.6270862844935601,2.2256665371256368e-06
30.399866666666675,33.98308496387915,19.937651224198163,0.5408801052837848,0.3173346239876906,0.6270985184659748,3.314611640825582e-06
30.599800000000002,33.913305873204784,20.056113400917273,0.5397682035475436,0.319218482133602,0.6270966057075714,2.58183802209766e-06
30.79973333333334,33.843113835036505,20.17433136311488,0.5386362868162066,0.3210926374476955,0.6270801633636693,3.749906257011215e-06
30.999666666666673,33.77250970407205,20.292303671302548,0.5375107876789397,0.3229706822841604,0.6270788694103645,5.034806865644725e-06
31.199600000000007,33.701494340027054,20.41002888898309,0.5363917198404488,0.3248525937748631,0.6270927242092971,6.2779871008999955e-06
31.399533333333338,33.63006860762455,20.527505582667988,0.5352793477719411,0.3267385005906544,0.6271220199178206,7.319592403076669e-06
31.599466666666665,33.55823337658444,20.64473232189495,0.5341411751101759,0.3286094311391636,0.6271291359063083,8.893341693072543e-06
31.799400000000006,33.48598952161291,20.761707679245227,0.5329773365161636,0.3304637120429737,0.6271133120272058,9.764932310196706e-06
31.999333333333336,33.4133379223918,20.878430230361054,0.53182004085473,0.3323221150270881,0.6271128637456442,1.0748994690501501e-05
32.199266666666674,33.34027946356784,20.99489855396297,0.5306693022177607,0.3341846174625481,0.6271277913857309,1.1684590423000074e-05
32.39920000000001,33.26681503474195,21.111111231867135,0.5295251346173022,0.3360511966704793,0.627158093961248,1.2410783381711088e-05
32.59913333333334,33.192945530458346,21.2270668490026,0.5283470240503975,0.3378998612528074,0.6271577901920471,1.609366305838078e-05
32.79906666666667,33.11867185019367,21.342763993428523,0.5271371623449511,0.3397247102820659,0.6271255587317441,1.6932770049493673e-05
32.999,33.04399489834606,21.458201256351376,0.5259338016823009,0.3415538005925922,0.6271087323006408,1.7986809023318173e-05
33.198933333333336,32.96891558422407,21.5733772321421,0.5247375614375074,0.3433874973212547,0.6271080300359743,1.9087591287492156e-05
33.39886666666667,32.8934348220357,21.6882905183532,0.5235476537029514,0.3452252640436643,0.6271224985827902,2.007888397337343e-05
33.59880000000001,32.81755353087716,21.802939715735853,0.5223416977733676,0.3470505660450981,0.6271243451238586,1.9441155796440235e-05
33.79873333333334,32.74127263472177,21.917323428256918,0.5211171459594327,0.3488658703162206,0.6271128087128636,2.080053222874856e-05
33.99866666666667,32.66459306240862,22.031440263115954,0.5198988170641213,0.3506853954621667,0.627116437418758,2.2233621540024284e-05
34.1986,32.587515747631336,22.145288830762173,0.5186867259224974,0.3525091193273781,0.6271352312707899,2.3581701231067953e-05
34.39853333333334,32.510041628926665,22.258867744911353,0.517481100568153,0.3543371637949359,0.627169446387612,2.4684457144263927e-05
34.598466666666674,32.432171649663076,22.372175622562736,0.5162442706185496,0.356144804994447,0.6271740335597727,2.6445718164791465e-05
34.7984,32.353906758029254,22.48521108401584,0.5149759417091816,0.3579300069293064,0.6271475979643624,2.7698415501542506e-05
34.99833333333334,32.27524790702254,22.597972752887305,0.513713974798882,0.3597196910984002,0.6271365905597597,2.9132029336631504e-05
35.19826666666667,32.19619605443738,22.710459256127585,0.512458175470854,0.3615136895516831,0.6271407564531661,3.058656519511205e-05
35.3982,32.116752162853594,22.82266922403773,0.5112085590164325,0.3633119804444315,0.6271600951338477,3.1903218282003376e-05
35.598133333333344,32.03691719962472,22.934601290286043,0.5099411546493337,0.3650954981029876,0.6271640159911708,3.140048960897923e-05
35.79806666666667,31.956692136866174,23.046254091924688,0.5086530392330914,0.3668663758024394,0.6271513780147148,3.270660129051084e-05
35.998000000000005,31.876077951443474,23.15762626940635,0.507370999640794,0.3686416960449671,0.6271539126695733,3.409770723583616e-05
36.19793333333334,31.79507562496029,23.268716466600722,0.5060950514832739,0.37042143721327,0.62717162007602,3.541500478182469e-05
36.39786666666667,31.71368614374654,23.37952333081106,0.5048254035794459,0.3722057186163265,0.6272047382934121,3.6498480559643554e-05
36.59780000000001,31.631910498846327,23.490045512790633,0.5035258034344133,0.3739689435980468,0.627208899837193,3.827699753011782e-05
36.79773333333333,31.549749686005924,23.600281666759173,0.502195522730313,0.375708715028523,0.6271820947945069,3.959710101747449e-05
36.997666666666674,31.467204705661604,23.710230450419246,0.500871447341876,0.3774531918362796,0.6271707240459978,4.11018225040527e-05
37.1976,31.38427656292751,23.81989052497259,0.4995533842537389,0.3792021959021376,0.6271745269691337,4.263109539281995e-05
37.397533333333335,31.300966267583355,23.929260555136445,0.4982413495153856,0.3809557059292447,0.6271935030823129,4.402611264531231e-05
37.597466666666676,31.217274834062177,24.03833920915978,0.496911015019425,0.3826931043678042,0.6271957964399455,4.366193769939075e-05
37.79740000000001,31.133203281437954,24.14712515883953,0.4955588061766676,0.3844160930968577,0.6271796082154019,4.527550069938213e-05
37.99733333333334,31.048752633413226,24.255617079536762,0.4942124995475689,0.3861437317383084,0.6271785822716012,4.700666850881996e-05
38.19726666666668,30.96392391830658,24.36381365019281,0.4928721115255011,0.3878759992554453,0.6271927189840794,4.869675376634186e-05
38.397200000000005,30.878718169040205,24.471713553345346,0.4915378678280021,0.3896130393101044,0.6272222838760652,5.018613530216598e-05
38.59713333333333,30.79313642312723,24.57931547514444,0.4901808777186245,0.3913329922011524,0.6272310586482797,5.22787408984704e-05
38.79706666666667,30.707179722659152,24.686618105368552,0.4888000712019242,0.3930331141218945,0.6272164981202291,5.3750879658864825e-05
38.99700000000001,30.620849114293115,24.793620137440485,0.4874252606042062,0.3947381273668971,0.6272173234303515,5.532692758253299e-05
39.19693333333334,30.53414564923919,24.900320268443284,0.4860564626659319,0.3964480111749542,0.627233534843637,5.6845853779352584e-05
39.39686666666667,30.447070383247542,25.00671719913612,0.4846936940543498,0.3981627447255542,0.6272651313140305,5.8146630056987725e-05
39.5968,30.35962437659561,25.112809633970098,0.4832993244716423,0.3998556404910517,0.6272661049020922,6.251569768239706e-05
39.79673333333334,30.271808694075172,25.218596281104045,0.4818744893170194,0.4015196027274213,0.6272328201850788,6.412173696612733e-05
39.99666666666667,30.183624404979387,25.32407585242021,0.4804555895448256,0.4031885685566194,0.6272149479962059,6.595239446310908e-05
40.19660000000001,30.095072583089774,25.429247063540004,0.4790432213529265,0.4048629974930138,0.6272132412992053,6.783923507341916e-05
40.39653333333334,30.006154306663152,25.534108633839566,0.4776366447726712,0.4065422415725813,0.6272267163991007,6.962582932934502e-05
40.59646666666667,29.91687065841847,25.638659286465423,0.4762145047677791,0.4082065192103971,0.6272262845012646,7.005589154090996e-05
40.796400000000006,29.82722272552368,25.742897748350003,0.4747726345374536,0.4098570284288007,0.6272095606248091,7.293116636336583e-05
40.99633333333334,29.737211599582448,25.84682275022714,0.4733364106347628,0.411512485843999,0.6272080020798981,7.592793166832923e-05
41.19626666666667,29.646838376620877,25.950433026647538,0.4719058505479661,0.4131728712982018,0.6272216092697718,7.888749883327995e-05
41.3962,29.5561041570742,26.053727315994177,0.4704811853604949,0.4148383513339928,0.6272506650845421,8.164999209109292e-05
41.59613333333334,29.46501004577331,26.156704360497667,0.4690324522239857,0.4164841860297304,0.6272563360755229,8.547048146412273e-05
41.79606666666667,29.373557151931376,26.25936290625157,0.4675579362782113,0.4181068512554902,0.6272350077110455,8.913610506633418e-05
41.99600000000001,29.281746589130275,26.361701703227684,0.4660891603545875,0.4197347351443925,0.6272291006041444,9.29628623940193e-05
42.19593333333334,29.189579475307085,26.463719505291223,0.4646261423377605,0.4213678178744105,0.6272386154532599,9.678940431007144e-05
42.39586666666667,29.097056932740447,26.56541507021603,0.4631689000422639,0.4230060795602127,0.6272635516433096,0.00010045438123612582
42.595800000000004,29.004180088036886,26.66678715969969,0.4616816461267338,0.4246244311205107,0.6272605821091453,0.00010957556340368546
42.79573333333334,28.91095007211713,26.767834539378608,0.4601651145412843,0.4262151098722634,0.6272250302202272,0.00011827702191935519
42.99566666666667,28.81736802020231,26.868555978843023,0.4586542597280867,0.4278111311249478,0.627204972629963,0.0001272374702472323
43.195600000000006,28.723435071800143,26.968950251652018,0.4571491000841718,0.4294124754445229,0.6272004107132401,0.00013629491609662425
43.39553333333335,28.629152370691052,27.06901613534845,0.4556496539372055,0.4310191233321148,0.6272113445264382,0.00014528736204671988
43.595466666666674,28.534521064914273,27.1687524114738,0.4541236597598342,0.4326134097990103,0.6272022273148659,0.00016353245347583423
43.7954,28.439542306753815,27.268157865583063,0.4525688970500942,0.4341921185353603,0.6271693280860717,0.00019048209468708333
43.995333333333335,28.344217252724487,27.367231287259504,0.451019765222104,0.4357763365559837,0.627152132050009,0.00021768850204023638
44.195266666666676,28.248547063557773,27.46597147012939,0.4494762831389584,0.437366044570545,0.6271506406188276,0.0002449879405765354
44.39520000000001,28.15253290418773,27.564377211876685,0.4479384695949611,0.4389612232218619,0.6271648538730417,0.0002722166697893269
44.59513333333334,28.056175943736797,27.66244731425773,0.4463427566386012,0.4405477061394602,0.6271395589331219,0.0003337808487940963
44.79506666666668,27.95947735550152,27.76018058311577,0.4446835161976008,0.4421136523500586,0.6270627799236068,0.00042568374262058617
44.995000000000005,27.86243831693833,27.85757582839552,0.4430299703334968,0.4436854238936354,0.6270024254071784,0.0005181919427372228
45.19493333333334,27.76506000964916,27.954631864157694,0.4413821391807851,0.4452630016314076,0.6269584993623774,0.0006111357400833128
45.39486666666668,27.667343619367067,28.051347508593384,0.4397400428043992,0.4468463663539154,0.6269310043911271,0.0007043454017621187
45.594800000000006,27.569290335941808,28.14772158403848,0.4379381453557656,0.448464267929328,0.626824650572623,0.0009360563790603016
45.79473333333334,27.470901353325317,28.243752916988015,0.4359566422584963,0.4501136562675172,0.6266248935530945,0.001319191945198972
45.994666666666674,27.37217786955722,28.33944033811045,0.4339816742853619,0.4517702766904036,0.6264451873976273,0.0017040254696830681
46.19460000000001,27.273121086750198,28.434782682261908,0.4320123485234669,0.4534331468339373,0.6262842153149493,0.0020903520819741117
46.39453333333334,27.17373221107537,28.52977878850035,0.4300486889524289,0.4551022464500751,0.6261419880377554,0.002477985015121198
46.59446666666667,27.07401245274762,28.624427500099745,0.4275148445236358,0.4568455512271815,0.6256721975688564,0.0033318393559348958
46.79440000000001,26.973963026010818,28.71872766456413,0.4243503839014775,0.4587043902077718,0.6248684778261144,0.004727719586637147
46.99433333333334,26.873585149123087,28.812678133641636,0.4211921608302153,0.4605718181645906,0.624092663766914,0.006130502799963022
47.19426666666667,26.77288004434193,28.90627776333849,0.4180402137661382,0.4624478123587716,0.6233448074102226,0.007539930753308333
47.394200000000005,26.67184893790937,28.999525413932943,0.4148971733998461,0.4643351894720115,0.6226288035878998,0.00895575903490442
47.594133333333346,26.570493060037002,29.09241994998913,0.4098968395151382,0.4662336676081181,0.6206859589478959,0.01175551873577152
47.79406666666667,26.468813644891025,29.184960240370906,0.4027806528724456,0.468072970902833,0.6173050021837506,0.01609641876559964
47.99400000000001,26.366811930577207,29.277145158255635,0.3956826765450262,0.4699405946740122,0.613995170626349,0.02046639899739716
48.19393333333334,26.264489159125812,29.368973581147888,0.388591100785568,0.4718230676653948,0.6107387300293514,0.024864722661997962
48.39386666666667,26.161846576476485,29.460444390893116,0.3815060119450783,0.4737203669549191,0.607535895431965,0.029290936820491054
48.59380000000001,26.058885432463054,29.551556473691278,0.3714581315745405,0.4731718494897229,0.6005773991272648,0.03434429093610314
48.79373333333334,25.955606980798354,29.642308720110375,0.3579850153718002,0.4699468746362696,0.5893915914727111,0.04026025474845607
48.99366666666668,25.85201247905891,29.732700025100012,0.344513563399859,0.4667434386224478,0.5782718677528713,0.04626748133604325
49.1936,25.748103188669674,29.822729288004783,0.3310439396947066,0.4635615804551094,0.5672189096821174,0.052365421622110164
49.39353333333334,25.643880374888628,29.91239541257774,0.3175897667172869,0.4604170930012236,0.5562541148870322,0.05855355772694268
49.59346666666667,25.539345306791386,30.001697306993695,0.3029484964841262,0.4539582213923745,0.5420462794445844,0.06357428121500275
49.793400000000005,25.43449925725577,30.09063388386253,0.2870250630116665,0.4437277971226026,0.5241723207942407,0.06723929542543003
49.99333333333335,25.32934350294625,30.179204060242448,0.2711046615518206,0.4335327743489977,0.506359826435977,0.07105019438110885
50.19326666666667,25.223879324298487,30.26740675765315,0.2551771721344741,0.4233605784596803,0.48859352867081707,0.0750062151642227
50.39320000000001,25.118108005503633,30.355240902088955,0.2392427887016942,0.4132113333170269,0.47087451199133923,0.07910696482811552
50.59313333333334,25.012030834492794,30.442705424031903,0.2242627328527931,0.4007782218873974,0.4520314654423101,0.08114499821865068
50.793066666666675,24.905649102921288,30.52979925846477,0.2102634790379271,0.3856499237754792,0.43174018236004263,0.08085177339355573
50.99300000000001,24.79896410615293,30.616521344884017,0.1962496698950123,0.3705398169483415,0.4114575820888092,0.08072389373439878
51.19293333333334,24.691977143244266,30.702870627312727,0.1822214760640822,0.3554480853951614,0.39118490108112175,0.08076125875821782
51.39286666666668,24.58468951692876,30.788846054313453,0.1681785727376405,0.3403747551194525,0.37092294239346635,0.08096404792789408
51.592800000000004,24.477102533600917,30.874446579001013,0.1560976315267787,0.3252676956424702,0.3518598432771935,0.07975083125448545
51.79273333333334,24.36921750330038,30.959671159055265,0.1463372836752724,0.3102058102651046,0.3342638317807312,0.07687610863558483
51.99266666666668,24.26103573969597,31.04451875673377,0.1365540128209985,0.2951484893910715,0.3166417411261905,0.07414605170825667
52.192600000000006,24.15255856006973,31.128988338884426,0.1267479380905739,0.2800959163667943,0.29899465765106004,0.07156086131183433
52.39253333333334,24.043787285300812,31.213078876958082,0.1169191788882798,0.2650482744808691,0.28132366914555423,0.06912073043362921
52.592466666666674,23.934723239849472,31.296789347021036,0.1083255776517005,0.2512923507254692,0.2654159006614978,0.06660837772197085
52.79240000000001,23.82536775174089,31.3801187297675,0.1010970693306545,0.2391085224365801,0.2515717938777982,0.06407133098475722
52.99233333333334,23.715722152549027,31.46306601053202,0.0938490506496388,0.2269273667993325,0.23770377489063316,0.06164892142657867
53.19226666666668,23.605787777380375,31.545630179301842,0.08658160986460799,0.2147490321383342,0.2238127070326593,0.05934133586136649
53.39220000000001,23.495565964857757,31.627810230729185,0.07929483546800808,0.2025736667438329,0.20989945499817383,0.05714875485441079
53.59213333333334,23.38505805710398,31.7096051641435,0.07272982621730348,0.1910257783746674,0.19690718824894948,0.05484555443369565
53.79206666666667,23.27426539972549,31.79101398356367,0.06699999187506998,0.1802319432884815,0.1850033457372792,0.05240528941638044
53.992000000000004,23.163189341796034,31.872035697710093,0.06125315533399346,0.1694381507781622,0.17307505647054075,0.050062568903450136
54.191933333333346,23.051831235840186,31.952669320016795,0.0554893865707887,0.1586445322749996,0.16112305212745973,0.04781758793464723
54.39186666666667,22.940192437816915,32.03291386864341,0.04970875576834674,0.1478512192081633,0.14914806582333318,0.045670536262848636
54.591800000000006,22.828274307103023,32.11276836648718,0.04474789824690861,0.1384169037013729,0.13874282391917042,0.043726907490981994
54.79173333333334,22.71607820647665,32.192231841194804,0.0406562920023606,0.1305806215454672,0.1301328211032988,0.042067584602382135
54.99166666666667,22.603605502100642,32.271303325174294,0.03655181048481594,0.1227450936600382,0.12150626532401894,0.04047987591802328
55.191600000000015,22.49085756350593,32.349981855606785,0.03243450367275155,0.1149104154548857,0.11286369688407753,0.038963913229695446
55.39153333333334,22.37783576357486,32.428266474458205,0.02830442170081183,0.1070766823294583,0.10420565705543947,0.037519824415170884
55.591466666666676,22.26454147852445,32.506156228491,0.02412317539769974,0.09957876996543114,0.09578716986733701,0.03636862807286466
55.79140000000001,22.150976087889667,32.58365016927569,0.01986158271144296,0.09246896179779412,0.08763781082345834,0.03556129184713526
55.99133333333334,22.037140974506613,32.66074735320246,0.01559048720270946,0.08536058021939341,0.07947995200039921,0.034819953713690954
56.19126666666668,21.923037524495665,32.73744684149262,0.01131098637845121,0.0782567232145903,0.07131716992489587,0.03414548894132337
56.391200000000005,21.80866712724464,32.81374770021003,0.007022983474854663,0.07115704847300981,0.06314952651086814,0.03353781665122988
56.591133333333346,21.69403117539184,32.88964900027251,0.002823752905904239,0.0640482908275865,0.055019908323832065,0.032908461319937424
56.79106666666667,21.57913106480913,32.965149817463136,0.0001661313073642915,0.05686513578304735,0.047668849993251834,0.031005677021419074
56.99100000000001,21.463968194584883,33.04024923244146,-0.002500553958143216,0.04968270544839611,0.04030094314544557,0.029162612577703632
57.19093333333334,21.34854396700702,33.114946330754755,-0.005176270419557449,0.04250108728094666,0.032916634204828224,0.0273793971472084
57.390866666666675,21.232859787545884,33.18924020284913,-0.007702877620704419,0.03556622716433971,0.02580867857830777,0.025655466247693926
57.5908,21.11691706483713,33.26312994408058,-0.009027070144895056,0.03051605622319753,0.02092476273971757,0.023976488214597556
57.79073333333334,21.000717210664572,33.33661465472607,-0.008928879450143673,0.02530334626209824,0.016650127702388093,0.02104180286451253
57.99066666666667,20.884261639943038,33.40969343999438,-0.008464990815886673,0.02004640467735003,0.01251165360065081,0.017803733714545626
58.19060000000001,20.767551770701058,33.48236541003713,-0.008009408993891718,0.01478714632494977,0.008344487834778959,0.014600679834930116
58.390533333333345,20.650589024063695,33.55462967995951,-0.00726835531004893,0.01213093303142701,0.006521653481046458,0.012548169627449176
58.590466666666686,20.533374824235135,33.62648536983112,-0.006526822968920207,0.009550538690613798,0.004749577338113329,0.010547688014812337
58.79040000000001,20.415910598481453,33.69793160469664,-0.005393813411002348,0.007025777179862387,0.003214074784084439,0.008253756198004423
58.99033333333334,20.298197777113135,33.76896751458651,-0.004029779657899479,0.004716586866310715,0.0019664214257345434,0.005883749020402493
59.19026666666668,20.18023779346773,33.83959223452754,-0.003228007662249748,0.003570952552443043,0.001413645077161983,0.004601450118729774
59.39020000000001,20.062032083892376,33.90980490455338,-0.002850326744687801,0.002498745783863586,0.0006992039450605674,0.0037254807591867037
59.59013333333334,19.9435820877263,33.97960466971508,-0.002520442129854308,0.00195587543928252,0.0004109956775612243,0.003163725622894486
59.79006666666668,19.824889247283288,34.04899068009141,-0.002288250773206408,0.001539796063722263,0.0001792940018805428,0.0027522567430790248
59.99000000000001,19.705955007834174,34.11796209079926,-0.00219968787639101,0.001327482431052146,4.9341242015218684e-05,0.0025687354476726684
